Rk,Player,Age,Team,Pos,G,GS,MP,FG,FGA,FG%,3P,3PA,3P%,2P,2PA,2P%,eFG%,FT,FTA,FT%,ORB,DRB,TRB,AST,STL,BLK,TOV,PF,PTS,Awards
1.0,Anthony Davis,31.0,LAL,PF,7.0,7.0,36.3,11.4,20.0,0.571,0.3,1.7,0.167,11.1,18.3,0.609,0.579,9.4,12.0,0.786,2.1,9.4,11.6,3.0,1.6,1.7,2.4,1.1,32.6,
2.0,Giannis Antetokounmpo,30.0,MIL,PF,7.0,7.0,34.4,12.4,20.1,0.617,0.0,0.4,0.0,12.4,19.7,0.63,0.617,6.1,10.9,0.566,2.4,10.4,12.9,5.7,0.6,0.6,3.1,3.7,31.0,
3.0,Jayson Tatum,26.0,BOS,SF,9.0,9.0,34.8,9.7,20.0,0.483,4.2,11.4,0.369,5.4,8.6,0.636,0.589,6.7,8.6,0.779,0.6,6.4,7.0,4.8,1.8,0.6,2.7,2.4,30.2,
4.0,Paolo Banchero,22.0,ORL,SF,5.0,5.0,36.4,9.6,19.4,0.495,2.2,6.4,0.344,7.4,13.0,0.569,0.552,7.6,11.8,0.644,2.4,6.4,8.8,5.6,0.6,0.8,2.2,2.6,29.0,
5.0,Nikola JokiÄ,29.0,DEN,C,8.0,8.0,37.9,10.5,19.8,0.532,2.3,4.4,0.514,8.3,15.4,0.537,0.589,5.5,6.9,0.8,4.4,9.1,13.5,11.0,1.5,1.3,4.0,2.0,28.8,
6.0,Luka DonÄiÄ,25.0,DAL,PG,8.0,8.0,36.6,9.5,23.6,0.402,3.3,9.9,0.329,6.3,13.8,0.455,0.471,6.4,8.1,0.785,0.5,7.6,8.1,8.1,1.4,0.4,2.9,3.5,28.6,
7.0,Damian Lillard,34.0,MIL,PG,8.0,8.0,36.0,8.6,18.5,0.466,3.9,10.0,0.388,4.8,8.5,0.559,0.571,7.3,8.1,0.892,0.9,3.6,4.5,6.8,0.9,0.3,2.9,2.0,28.4,
8.0,LaMelo Ball,23.0,CHO,PG,8.0,8.0,32.5,9.9,21.4,0.462,4.6,11.8,0.394,5.3,9.6,0.545,0.57,3.8,4.4,0.857,1.0,3.8,4.8,6.0,1.5,0.3,5.0,4.5,28.1,
9.0,Anthony Edwards,23.0,MIN,SG,8.0,8.0,36.9,9.9,20.5,0.482,5.1,11.1,0.461,4.8,9.4,0.507,0.607,3.1,4.8,0.658,0.5,5.4,5.9,3.4,0.8,0.5,3.0,1.9,28.0,
10.0,Kevin Durant,36.0,PHO,SF,8.0,8.0,39.0,10.1,18.4,0.551,2.6,6.3,0.42,7.5,12.1,0.619,0.622,4.9,6.0,0.813,0.1,6.6,6.8,3.4,0.8,1.4,3.6,1.8,27.8,
11.0,Tyrese Maxey,24.0,PHI,PG,7.0,7.0,39.7,9.6,23.6,0.406,3.1,11.0,0.286,6.4,12.6,0.511,0.473,5.3,6.4,0.822,0.0,3.0,3.0,3.9,1.4,0.6,2.0,2.9,27.6,
12.0,Shai Gilgeous-Alexander,26.0,OKC,SG,8.0,8.0,32.9,9.4,19.5,0.481,1.6,6.1,0.265,7.8,13.4,0.579,0.522,5.6,6.3,0.9,0.9,5.1,6.0,6.8,1.6,1.0,2.9,1.9,26.0,
13.0,RJ Barrett,24.0,TOR,SG,6.0,6.0,33.2,9.5,21.2,0.449,2.5,7.0,0.357,7.0,14.2,0.494,0.508,4.2,5.8,0.714,1.0,4.3,5.3,7.0,1.0,0.0,3.2,3.0,25.7,
14.0,Jaylen Brown,28.0,BOS,SF,6.0,6.0,36.0,8.7,21.7,0.4,2.0,7.5,0.267,6.7,14.2,0.471,0.446,6.3,7.8,0.809,1.7,5.5,7.2,3.8,1.5,0.5,2.2,2.5,25.7,
15.0,DeMar DeRozan,35.0,SAC,SG,8.0,8.0,37.6,9.3,17.5,0.529,1.0,2.6,0.381,8.3,14.9,0.555,0.557,6.1,7.0,0.875,0.6,3.4,4.0,3.9,1.9,0.5,2.1,1.5,25.6,
16.0,Jalen Brunson,28.0,NYK,PG,7.0,7.0,34.0,9.1,19.9,0.46,2.7,5.9,0.463,6.4,14.0,0.459,0.529,4.3,5.3,0.811,0.4,2.1,2.6,5.7,0.4,0.0,1.9,1.9,25.3,
17.0,Norman Powell,31.0,LAC,SG,8.0,8.0,33.4,8.9,16.8,0.53,4.1,8.5,0.485,4.8,8.3,0.576,0.653,3.1,3.6,0.862,0.3,2.1,2.4,2.4,1.1,0.3,1.9,1.6,25.0,
18.0,Cam Thomas,23.0,BRK,SG,8.0,8.0,34.0,8.3,19.5,0.423,2.4,7.8,0.306,5.9,11.8,0.5,0.484,6.0,6.5,0.923,0.5,2.6,3.1,3.1,1.0,0.0,2.5,2.0,24.9,
19.0,Devin Booker,28.0,PHO,SG,8.0,8.0,36.9,7.6,17.6,0.433,2.8,7.9,0.349,4.9,9.8,0.5,0.511,6.4,7.3,0.879,1.3,2.8,4.0,6.1,1.0,0.4,2.1,2.1,24.4,
20.0,Brandon Ingram,27.0,NOP,SF,9.0,9.0,33.2,9.7,19.6,0.494,2.4,6.8,0.361,7.2,12.8,0.565,0.557,2.3,2.7,0.875,1.1,5.0,6.1,4.6,0.9,0.7,2.9,2.8,24.1,
21.0,LeBron James,40.0,LAL,SF,8.0,8.0,35.0,8.6,16.9,0.511,2.8,5.9,0.468,5.9,11.0,0.534,0.593,4.0,5.1,0.78,0.3,6.6,6.9,7.5,0.6,0.4,2.9,1.8,24.0,
22.0,De'Aaron Fox,27.0,SAC,PG,8.0,8.0,37.0,8.4,18.1,0.462,2.0,6.9,0.291,6.4,11.3,0.567,0.517,5.0,5.8,0.87,1.0,3.8,4.8,5.1,2.0,0.0,3.8,3.0,23.8,
23.0,Donovan Mitchell,28.0,CLE,SG,9.0,9.0,30.2,8.9,18.3,0.485,3.1,7.9,0.394,5.8,10.4,0.553,0.57,2.9,3.6,0.813,0.6,2.4,3.0,4.1,1.4,0.2,2.6,2.1,23.8,
24.0,Trae Young,26.0,ATL,PG,9.0,9.0,35.9,7.0,18.2,0.384,2.9,9.3,0.31,4.1,8.9,0.463,0.463,6.9,7.8,0.886,1.1,3.4,4.6,10.9,1.3,0.2,4.6,1.9,23.8,
25.0,Karl-Anthony Towns,29.0,NYK,C,7.0,7.0,32.1,8.1,15.9,0.514,2.3,4.0,0.571,5.9,11.9,0.494,0.586,4.6,5.0,0.914,3.6,9.4,13.0,2.3,0.7,1.0,1.7,3.0,23.1,
26.0,Kyrie Irving,32.0,DAL,PG,8.0,8.0,35.0,8.6,17.4,0.496,3.0,5.5,0.545,5.6,11.9,0.474,0.583,2.8,3.1,0.88,1.4,3.1,4.5,4.6,1.5,0.3,1.6,2.1,23.0,
27.0,Cade Cunningham,23.0,DET,PG,9.0,9.0,36.0,9.1,19.3,0.471,2.0,5.8,0.346,7.1,13.6,0.525,0.523,2.7,3.4,0.774,0.9,5.9,6.8,7.7,0.6,0.8,4.6,2.7,22.9,
28.0,Tyler Herro,25.0,MIA,SG,7.0,7.0,31.1,7.7,15.4,0.5,4.0,8.7,0.459,3.7,6.7,0.553,0.63,3.3,4.0,0.821,0.1,4.7,4.9,4.4,0.4,0.3,2.3,2.4,22.7,
29.0,Zach LaVine,29.0,CHI,SG,6.0,6.0,34.7,7.7,15.5,0.495,3.7,8.0,0.458,4.0,7.5,0.533,0.613,3.7,4.5,0.815,0.3,5.2,5.5,2.7,0.8,0.5,3.7,1.3,22.7,
30.0,Zion Williamson,24.0,NOP,PF,6.0,6.0,31.0,7.8,17.3,0.452,0.3,1.0,0.333,7.5,16.3,0.459,0.462,6.7,10.0,0.667,2.7,5.3,8.0,5.3,0.7,1.2,3.7,3.0,22.7,
31.0,Jalen Green,22.0,HOU,SG,8.0,8.0,33.8,7.5,18.9,0.397,3.6,9.5,0.382,3.9,9.4,0.413,0.493,4.0,4.8,0.842,0.4,4.3,4.6,3.1,0.8,0.5,2.5,2.0,22.6,
32.0,Jordan Poole,25.0,WAS,SG,6.0,6.0,31.0,7.3,16.3,0.449,4.0,8.8,0.453,3.3,7.5,0.444,0.571,3.8,4.2,0.92,0.3,0.8,1.2,5.0,2.8,1.2,3.0,3.2,22.5,
33.0,Julius Randle,30.0,MIN,PF,8.0,8.0,33.4,7.8,13.6,0.569,1.8,4.0,0.438,6.0,9.6,0.623,0.633,4.3,5.4,0.791,1.9,5.0,6.9,4.5,0.8,0.0,2.9,2.5,21.5,
34.0,Stephen Curry,36.0,GSW,PG,5.0,5.0,27.6,6.4,14.6,0.438,3.8,9.0,0.422,2.6,5.6,0.464,0.568,4.6,4.6,1.0,0.2,5.0,5.2,7.0,2.0,0.4,3.2,1.4,21.2,
35.0,Nikola VuÄeviÄ,34.0,CHI,C,9.0,9.0,32.0,8.3,14.3,0.581,2.1,4.4,0.475,6.2,9.9,0.629,0.655,2.4,2.8,0.88,2.7,7.4,10.1,3.4,0.4,0.9,1.6,2.6,21.2,
36.0,Buddy Hield,32.0,GSW,SG,8.0,1.0,26.1,7.5,14.5,0.517,4.6,9.1,0.507,2.9,5.4,0.535,0.677,1.5,1.8,0.857,0.8,3.8,4.5,2.3,1.0,0.6,1.0,2.0,21.1,
37.0,James Harden,35.0,LAC,SG,8.0,8.0,35.0,6.3,16.6,0.376,2.4,8.4,0.284,3.9,8.3,0.47,0.447,5.9,7.1,0.825,0.8,7.4,8.1,9.4,1.8,1.3,5.1,2.4,20.8,
38.0,Ja Morant,25.0,MEM,PG,8.0,8.0,27.9,7.0,15.6,0.448,1.0,3.9,0.258,6.0,11.8,0.511,0.48,5.6,6.8,0.833,0.5,4.5,5.0,9.1,0.6,0.3,4.3,1.8,20.6,
39.0,Domantas Sabonis,28.0,SAC,C,8.0,8.0,36.5,7.3,11.5,0.63,1.0,2.0,0.5,6.3,9.5,0.658,0.674,4.8,5.6,0.844,3.3,9.9,13.1,7.3,0.6,0.3,2.6,3.6,20.3,
40.0,Gradey Dick,21.0,TOR,SG,9.0,9.0,31.6,7.2,15.7,0.461,2.6,7.2,0.354,4.7,8.4,0.553,0.543,3.0,3.3,0.9,0.7,2.1,2.8,2.2,1.2,0.6,1.6,2.4,20.0,
41.0,Dennis SchrÃ¶der,31.0,BRK,PG,8.0,8.0,34.8,6.9,13.6,0.505,3.1,6.4,0.49,3.8,7.3,0.517,0.619,3.0,3.5,0.857,0.1,2.9,3.0,7.3,1.4,0.0,2.6,3.0,19.9,
42.0,Pascal Siakam,30.0,IND,PF,8.0,8.0,33.5,8.0,14.6,0.547,1.8,4.3,0.412,6.3,10.4,0.602,0.607,2.1,2.9,0.739,1.9,4.8,6.6,4.9,0.6,0.3,1.3,2.5,19.9,
43.0,Darius Garland,25.0,CLE,PG,9.0,9.0,29.0,7.4,14.2,0.523,3.3,7.1,0.469,4.1,7.1,0.578,0.641,1.6,1.6,1.0,0.6,1.3,1.9,6.8,1.0,0.4,2.4,2.9,19.8,
44.0,Jaden Ivey,22.0,DET,SG,9.0,9.0,32.3,7.1,15.1,0.471,2.1,5.1,0.413,5.0,10.0,0.5,0.54,3.4,4.4,0.775,1.4,3.0,4.4,3.8,0.9,0.3,3.0,2.6,19.8,
45.0,Derrick White,30.0,BOS,SG,9.0,9.0,33.3,6.7,14.2,0.469,4.0,9.6,0.419,2.7,4.7,0.571,0.609,2.4,2.7,0.917,0.9,3.7,4.6,4.0,1.1,1.0,1.2,2.7,19.8,
46.0,Jaren Jackson Jr.,25.0,MEM,C,7.0,7.0,28.1,7.4,12.9,0.578,1.4,3.6,0.4,6.0,9.3,0.646,0.633,3.3,4.7,0.697,1.1,4.0,5.1,0.9,1.3,1.4,1.7,3.3,19.6,
47.0,Coby White,24.0,CHI,PG,9.0,9.0,33.2,6.8,15.1,0.449,3.6,9.0,0.395,3.2,6.1,0.527,0.566,2.4,3.1,0.786,0.2,3.2,3.4,5.0,1.1,0.1,2.8,2.4,19.6,
48.0,Jalen Williams,23.0,OKC,SG,8.0,8.0,32.0,7.8,16.6,0.466,2.3,5.5,0.409,5.5,11.1,0.494,0.534,1.9,2.9,0.652,1.0,5.8,6.8,5.3,2.3,0.5,2.1,3.0,19.6,
49.0,Anfernee Simons,25.0,POR,SG,9.0,9.0,33.9,6.6,16.8,0.391,2.7,8.3,0.32,3.9,8.4,0.461,0.47,3.7,4.0,0.917,0.2,2.1,2.3,5.3,0.9,0.1,2.7,1.3,19.4,
50.0,Scottie Barnes,23.0,TOR,SF,4.0,4.0,33.5,7.3,15.8,0.46,0.5,2.8,0.182,6.8,13.0,0.519,0.476,4.3,5.8,0.739,2.5,5.3,7.8,6.0,2.0,0.5,4.0,3.0,19.3,
51.0,Jalen Johnson,23.0,ATL,SF,9.0,9.0,36.7,7.1,15.9,0.448,1.2,4.6,0.268,5.9,11.3,0.52,0.486,3.4,5.1,0.674,2.3,8.2,10.6,5.3,1.6,0.9,3.7,2.6,18.9,
52.0,Desmond Bane,26.0,MEM,SG,5.0,5.0,26.4,7.0,14.4,0.486,2.6,6.4,0.406,4.4,8.0,0.55,0.576,2.2,2.4,0.917,1.0,4.4,5.4,2.8,1.0,0.6,1.8,3.0,18.8,
53.0,CJ McCollum,33.0,NOP,SG,4.0,4.0,34.3,7.3,16.3,0.446,3.3,8.5,0.382,4.0,7.8,0.516,0.546,1.0,1.5,0.667,0.3,3.3,3.5,4.0,2.3,1.0,2.0,1.5,18.8,
54.0,Franz Wagner,23.0,ORL,SF,9.0,9.0,28.8,7.2,15.3,0.471,1.7,4.8,0.349,5.6,10.6,0.526,0.525,2.7,3.3,0.8,1.2,4.0,5.2,4.1,1.3,0.2,2.6,2.4,18.8,
55.0,Jerami Grant,30.0,POR,PF,9.0,9.0,33.9,6.2,15.9,0.392,2.6,7.7,0.333,3.7,8.2,0.446,0.472,3.6,4.4,0.8,0.4,4.0,4.4,2.0,0.9,1.3,1.8,2.0,18.6,
56.0,Jimmy Butler,35.0,MIA,SF,7.0,7.0,33.9,6.0,12.6,0.477,0.3,1.7,0.167,5.7,10.9,0.526,0.489,5.9,8.0,0.732,2.9,2.4,5.3,5.3,1.7,0.3,1.9,1.7,18.1,
57.0,De'Andre Hunter,27.0,ATL,SF,2.0,2.0,29.5,5.0,12.0,0.417,2.0,5.0,0.4,3.0,7.0,0.429,0.5,6.0,6.5,0.923,1.0,5.5,6.5,2.0,1.0,0.5,0.0,4.5,18.0,
58.0,Michael Porter Jr.,26.0,DEN,SF,8.0,8.0,37.0,6.6,14.4,0.461,3.0,7.5,0.4,3.6,6.9,0.527,0.565,1.5,2.0,0.75,1.6,5.6,7.3,2.6,1.0,0.3,1.1,2.1,17.8,
59.0,Bilal Coulibaly,20.0,WAS,SF,6.0,6.0,34.8,6.2,11.2,0.552,1.8,4.2,0.44,4.3,7.0,0.619,0.634,3.5,4.3,0.808,1.8,4.0,5.8,2.5,1.0,0.2,2.2,2.7,17.7,
60.0,Victor Wembanyama,21.0,SAS,PF,9.0,9.0,30.8,6.3,15.3,0.413,1.6,6.9,0.226,4.8,8.4,0.566,0.464,3.4,3.8,0.912,1.9,7.7,9.6,2.7,1.6,3.7,3.4,1.9,17.7,
61.0,Austin Reaves,26.0,LAL,SG,8.0,8.0,35.0,6.1,13.3,0.462,2.3,6.8,0.333,3.9,6.5,0.596,0.547,3.0,3.9,0.774,1.1,3.6,4.8,4.9,1.6,0.4,2.6,2.8,17.5,
62.0,Evan Mobley,23.0,CLE,C,9.0,9.0,29.7,7.1,13.6,0.525,0.7,1.8,0.375,6.4,11.8,0.547,0.549,2.4,3.1,0.786,1.7,6.6,8.2,2.8,0.8,1.9,1.8,3.1,17.3,
63.0,Jalen Suggs,23.0,ORL,SG,9.0,9.0,30.1,5.9,12.9,0.457,2.3,6.6,0.356,3.6,6.3,0.561,0.547,3.2,3.6,0.906,0.4,4.9,5.3,4.6,1.8,1.0,2.4,2.3,17.3,
64.0,Ivica Zubac,27.0,LAC,C,8.0,8.0,34.5,7.1,12.8,0.559,0.0,0.0,,7.1,12.8,0.559,0.559,2.9,4.6,0.622,4.4,8.1,12.5,2.8,0.8,0.6,2.3,2.8,17.1,
65.0,Kyle Kuzma,29.0,WAS,PF,3.0,3.0,30.7,5.7,17.3,0.327,1.7,6.0,0.278,4.0,11.3,0.353,0.375,4.0,5.3,0.75,1.7,5.3,7.0,3.7,0.3,0.3,2.3,1.0,17.0,
66.0,Kelly Oubre Jr.,29.0,PHI,SF,7.0,7.0,31.9,6.4,14.9,0.433,1.7,5.7,0.3,4.7,9.1,0.516,0.49,2.4,3.1,0.773,1.1,3.0,4.1,1.1,1.3,0.1,1.7,4.3,17.0,
67.0,Myles Turner,28.0,IND,C,7.0,7.0,31.7,6.0,12.9,0.467,2.0,5.4,0.368,4.0,7.4,0.538,0.544,3.0,4.1,0.724,0.6,6.6,7.1,1.6,0.9,1.7,3.1,3.9,17.0,
68.0,Chet Holmgren,22.0,OKC,PF,8.0,8.0,28.8,6.0,11.8,0.511,1.3,3.6,0.345,4.8,8.1,0.585,0.564,3.6,4.9,0.744,1.9,7.9,9.8,2.4,1.0,2.9,2.8,2.1,16.9,
69.0,Bennedict Mathurin,22.0,IND,SG,8.0,3.0,28.4,5.3,10.0,0.525,1.3,3.4,0.37,4.0,6.6,0.604,0.588,5.0,6.3,0.8,1.0,4.9,5.9,1.9,0.4,0.0,1.6,2.6,16.8,
70.0,Cameron Johnson,28.0,BRK,PF,8.0,8.0,33.6,5.8,12.6,0.455,3.0,8.3,0.364,2.8,4.4,0.629,0.574,2.1,2.6,0.81,0.4,3.5,3.9,3.0,0.8,0.5,0.4,2.6,16.6,
71.0,Paul George,34.0,PHI,SF,2.0,2.0,27.5,5.5,11.5,0.478,1.5,5.0,0.3,4.0,6.5,0.615,0.543,4.0,4.5,0.889,1.5,4.5,6.0,3.0,2.0,0.5,5.0,3.5,16.5,
72.0,Alperen Sengun,22.0,HOU,C,8.0,8.0,28.4,6.4,14.1,0.451,0.5,1.8,0.286,5.9,12.4,0.475,0.469,3.1,4.4,0.714,3.5,7.9,11.4,3.9,1.1,1.3,2.1,3.0,16.4,
73.0,Jordan Hawkins,22.0,NOP,SG,8.0,3.0,30.3,5.3,12.9,0.408,2.4,6.5,0.365,2.9,6.4,0.451,0.5,3.4,3.6,0.931,0.5,4.0,4.5,1.4,0.1,0.4,1.6,1.4,16.3,
74.0,Jamal Murray,27.0,DEN,PG,5.0,5.0,34.8,5.4,14.6,0.37,1.4,4.6,0.304,4.0,10.0,0.4,0.418,4.0,4.4,0.909,0.6,3.8,4.4,4.4,1.2,0.0,1.2,1.6,16.2,
75.0,Mikal Bridges,28.0,NYK,SF,7.0,7.0,37.4,6.6,13.3,0.495,2.4,6.6,0.37,4.1,6.7,0.617,0.586,0.6,1.1,0.5,1.0,2.1,3.1,3.4,1.4,0.6,1.6,1.7,16.1,
76.0,Tre Mann,23.0,CHO,PG,8.0,0.0,26.0,6.1,13.4,0.458,2.0,5.0,0.4,4.1,8.4,0.493,0.533,1.9,1.9,1.0,1.0,2.4,3.4,3.6,0.8,0.4,1.9,2.3,16.1,
77.0,Christian Braun,23.0,DEN,SG,8.0,8.0,35.4,5.8,10.8,0.535,1.6,3.5,0.464,4.1,7.3,0.569,0.61,2.9,3.4,0.852,1.1,4.1,5.3,1.5,1.1,1.0,1.3,2.8,16.0,
78.0,Lauri Markkanen,27.0,UTA,PF,5.0,5.0,28.4,4.6,12.4,0.371,2.2,5.2,0.423,2.4,7.2,0.333,0.46,4.6,5.4,0.852,2.0,5.2,7.2,2.2,0.6,0.0,1.8,1.0,16.0,
79.0,Payton Pritchard,27.0,BOS,SG,9.0,0.0,28.1,5.2,11.4,0.456,3.9,9.4,0.412,1.3,2.0,0.667,0.626,1.7,1.8,0.938,0.9,2.1,3.0,2.8,1.1,0.0,1.2,1.8,16.0,
80.0,John Collins,27.0,UTA,PF,8.0,0.0,23.8,6.0,12.1,0.495,1.0,2.9,0.348,5.0,9.3,0.541,0.536,2.9,3.0,0.958,2.0,5.1,7.1,2.6,0.8,0.9,2.4,3.4,15.9,
81.0,Tyrese Haliburton,24.0,IND,PG,8.0,8.0,34.9,5.6,14.1,0.398,2.1,7.9,0.27,3.5,6.3,0.56,0.473,2.4,3.3,0.731,0.8,3.5,4.3,7.5,1.3,0.5,1.8,2.4,15.8,
82.0,Andrew Wiggins,29.0,GSW,SF,6.0,6.0,26.0,5.3,12.0,0.444,2.2,5.3,0.406,3.2,6.7,0.475,0.535,3.0,4.2,0.72,1.5,3.3,4.8,1.8,0.3,0.8,1.2,2.0,15.8,
83.0,Keyonte George,21.0,UTA,SG,8.0,8.0,31.8,4.8,14.8,0.322,2.6,8.8,0.3,2.1,6.0,0.354,0.411,3.5,4.5,0.778,0.5,2.4,2.9,6.4,0.5,0.1,3.3,1.3,15.6,
84.0,Bradley Beal,31.0,PHO,SG,6.0,6.0,34.8,5.8,12.0,0.486,2.5,6.0,0.417,3.3,6.0,0.556,0.59,1.3,1.8,0.727,0.3,3.2,3.5,4.0,1.7,1.0,1.3,2.7,15.5,
85.0,Aaron Gordon,29.0,DEN,PF,7.0,7.0,30.3,5.3,10.0,0.529,1.7,3.1,0.545,3.6,6.9,0.521,0.614,3.1,3.7,0.846,2.7,4.0,6.7,3.1,0.7,0.3,1.3,1.9,15.4,
86.0,Keegan Murray,24.0,SAC,SF,8.0,8.0,37.5,5.9,12.9,0.456,2.0,6.4,0.314,3.9,6.5,0.596,0.534,1.6,2.0,0.813,2.9,5.4,8.3,1.9,0.5,0.8,0.9,3.1,15.4,
87.0,Jeremy Sochan,21.0,SAS,PF,7.0,7.0,29.3,6.3,12.3,0.512,0.4,1.7,0.25,5.9,10.6,0.554,0.529,2.4,3.6,0.68,2.4,5.3,7.7,3.0,1.0,0.4,2.3,3.0,15.4,
88.0,Jarrett Allen,26.0,CLE,C,9.0,9.0,30.6,6.1,8.9,0.688,0.0,0.0,,6.1,8.9,0.688,0.688,2.9,4.0,0.722,2.0,9.9,11.9,1.8,1.0,1.4,0.9,1.4,15.1,
89.0,Deandre Ayton,26.0,POR,C,9.0,9.0,31.4,7.0,13.3,0.525,0.6,1.2,0.455,6.4,12.1,0.532,0.546,0.6,0.9,0.625,3.0,8.3,11.3,1.1,0.9,0.6,1.2,2.0,15.1,
90.0,Jakob Poeltl,29.0,TOR,C,9.0,9.0,32.8,6.4,10.9,0.592,0.0,0.0,,6.4,10.9,0.592,0.592,2.1,2.9,0.731,4.0,7.4,11.4,3.0,1.1,1.1,2.7,3.9,15.0,
91.0,Bam Adebayo,27.0,MIA,C,7.0,7.0,32.4,5.6,14.0,0.398,0.4,2.1,0.2,5.1,11.9,0.434,0.413,3.3,4.9,0.676,3.4,5.6,9.0,3.6,2.0,1.4,0.7,1.7,14.9,
92.0,Collin Sexton,26.0,UTA,SG,8.0,6.0,25.4,4.6,10.8,0.43,1.1,3.0,0.375,3.5,7.8,0.452,0.483,4.5,5.0,0.9,0.1,2.1,2.3,3.3,0.8,0.3,2.8,2.4,14.9,
93.0,Terry Rozier,30.0,MIA,PG,7.0,7.0,32.1,4.7,12.3,0.384,3.0,7.6,0.396,1.7,4.7,0.364,0.506,2.3,2.6,0.889,0.3,4.7,5.0,4.4,0.6,0.3,1.9,1.6,14.7,
94.0,Miles Bridges,26.0,CHO,SF,8.0,8.0,30.5,5.0,12.8,0.392,1.5,5.6,0.267,3.5,7.1,0.491,0.451,3.1,3.8,0.833,0.6,6.1,6.8,2.5,0.5,0.5,1.6,1.5,14.6,
95.0,Klay Thompson,34.0,DAL,SG,8.0,8.0,29.4,5.4,12.0,0.448,3.4,8.6,0.391,2.0,3.4,0.593,0.589,0.4,0.4,1.0,0.8,2.8,3.5,1.8,0.8,0.3,0.8,1.0,14.5,
96.0,OG Anunoby,27.0,NYK,SF,7.0,7.0,36.6,5.3,11.4,0.463,2.3,5.3,0.432,3.0,6.1,0.488,0.563,1.6,2.0,0.786,0.7,3.6,4.3,2.4,1.4,0.4,0.9,2.0,14.4,
97.0,Fred VanVleet,30.0,HOU,PG,8.0,8.0,36.0,5.0,12.9,0.388,2.1,7.5,0.283,2.9,5.4,0.535,0.471,2.1,2.5,0.85,0.9,2.8,3.6,6.1,1.6,0.3,1.0,3.1,14.3,
98.0,Dejounte Murray,28.0,NOP,PG,1.0,1.0,30.0,4.0,15.0,0.267,0.0,3.0,0.0,4.0,12.0,0.333,0.267,6.0,7.0,0.857,0.0,8.0,8.0,10.0,1.0,0.0,1.0,0.0,14.0,
99.0,Josh Hart,29.0,NYK,SG,7.0,7.0,36.3,5.1,9.3,0.554,1.1,3.9,0.296,4.0,5.4,0.737,0.615,2.4,2.9,0.85,1.9,7.0,8.9,4.7,1.3,0.1,2.3,2.3,13.9,
100.0,Naz Reid,25.0,MIN,C,8.0,0.0,24.1,4.9,8.9,0.549,2.0,4.5,0.444,2.9,4.4,0.657,0.662,2.1,2.3,0.944,0.8,5.3,6.0,1.8,0.4,0.6,1.3,2.3,13.9,
101.0,Jordan Clarkson,32.0,UTA,SG,6.0,2.0,23.8,4.7,11.7,0.4,1.5,5.8,0.257,3.2,5.8,0.543,0.464,3.0,4.0,0.75,0.5,3.3,3.8,3.2,0.3,0.2,2.5,1.3,13.8,
102.0,Josh Giddey,22.0,CHI,SG,9.0,9.0,29.0,4.8,11.7,0.41,1.4,3.6,0.406,3.3,8.1,0.411,0.471,2.6,4.1,0.622,1.4,5.1,6.6,7.0,0.7,0.1,2.6,1.0,13.6,
103.0,Rui Hachimura,26.0,LAL,PF,7.0,7.0,34.1,4.9,11.6,0.42,1.7,3.0,0.571,3.1,8.6,0.367,0.494,2.1,2.6,0.833,2.1,4.3,6.4,1.6,0.6,0.4,0.7,1.7,13.6,
104.0,Tim Hardaway Jr.,32.0,DET,SG,9.0,9.0,29.2,4.3,9.0,0.481,3.1,6.4,0.483,1.2,2.6,0.478,0.654,1.8,1.9,0.941,0.1,1.0,1.1,1.9,0.1,0.0,0.6,1.6,13.6,
105.0,Bobby Portis,29.0,MIL,PF,8.0,1.0,26.3,5.9,12.4,0.475,0.9,3.0,0.292,5.0,9.4,0.533,0.51,0.6,0.9,0.714,2.3,6.5,8.8,0.9,0.5,0.8,1.6,1.9,13.3,
106.0,Tobias Harris,32.0,DET,PF,9.0,9.0,32.9,5.6,12.2,0.455,0.7,4.0,0.167,4.9,8.2,0.595,0.482,1.3,1.4,0.923,0.9,6.8,7.7,2.6,0.7,1.1,1.7,3.2,13.1,
107.0,Jonathan Kuminga,22.0,GSW,PF,8.0,3.0,23.0,4.8,10.8,0.442,0.8,2.6,0.286,4.0,8.1,0.492,0.477,2.9,4.4,0.657,1.3,2.9,4.1,1.5,0.9,0.4,1.6,1.5,13.1,
108.0,Malik Monk,26.0,SAC,SG,8.0,0.0,26.5,4.9,11.0,0.443,1.5,4.9,0.308,3.4,6.1,0.551,0.511,1.9,2.4,0.789,0.0,3.3,3.3,2.9,0.8,0.3,0.8,1.9,13.1,
109.0,Ochai Agbaji,24.0,TOR,SG,9.0,7.0,30.4,5.1,9.0,0.568,1.6,3.7,0.424,3.6,5.3,0.667,0.654,1.2,1.8,0.688,1.2,3.2,4.4,2.0,1.3,0.6,0.9,2.8,13.0,
110.0,Immanuel Quickley,25.0,TOR,PG,1.0,1.0,14.0,4.0,9.0,0.444,2.0,4.0,0.5,2.0,5.0,0.4,0.556,3.0,4.0,0.75,0.0,2.0,2.0,4.0,1.0,0.0,2.0,2.0,13.0,
111.0,Shaedon Sharpe,21.0,POR,SG,1.0,0.0,20.0,6.0,9.0,0.667,1.0,4.0,0.25,5.0,5.0,1.0,0.722,0.0,0.0,,1.0,1.0,2.0,1.0,0.0,1.0,1.0,2.0,13.0,
112.0,Brandon Miller,22.0,CHO,SF,4.0,4.0,23.0,4.3,12.0,0.354,2.3,7.3,0.31,2.0,4.8,0.421,0.448,2.0,2.3,0.889,0.8,2.5,3.3,3.0,0.8,0.5,1.3,2.0,12.8,
113.0,Jonas ValanÄiÅ«nas,32.0,WAS,C,6.0,1.0,21.0,5.2,9.2,0.564,0.2,0.3,0.5,5.0,8.8,0.566,0.573,2.3,2.7,0.875,2.3,5.8,8.2,3.3,0.3,0.2,2.2,1.5,12.8,
114.0,Santi Aldama,24.0,MEM,PF,9.0,7.0,29.9,5.0,10.7,0.469,1.3,4.9,0.273,3.7,5.8,0.635,0.531,1.2,1.2,1.0,1.6,6.6,8.1,3.4,0.6,0.6,1.6,1.1,12.6,
115.0,Keldon Johnson,25.0,SAS,SF,9.0,0.0,27.2,4.8,10.7,0.448,1.0,3.9,0.257,3.8,6.8,0.557,0.495,2.0,2.4,0.818,1.3,4.9,6.2,1.0,0.8,0.1,0.8,1.7,12.6,
116.0,Caris LeVert,30.0,CLE,SG,7.0,0.0,22.6,4.9,8.1,0.596,1.9,3.6,0.52,3.0,4.6,0.656,0.711,1.0,1.7,0.583,0.6,1.9,2.4,4.6,1.0,0.4,0.9,1.1,12.6,
117.0,Jabari Smith Jr.,21.0,HOU,PF,8.0,8.0,30.3,4.5,10.3,0.439,1.5,5.0,0.3,3.0,5.3,0.571,0.512,2.0,2.4,0.842,2.3,5.1,7.4,1.0,0.4,0.4,0.9,3.0,12.5,
118.0,Russell Westbrook,36.0,DEN,PG,8.0,3.0,25.3,3.6,10.1,0.358,1.0,3.5,0.286,2.6,6.6,0.396,0.407,4.1,5.9,0.702,1.0,3.0,4.0,4.9,1.8,0.6,2.6,3.0,12.4,
119.0,Jrue Holiday,34.0,BOS,PG,9.0,9.0,30.0,4.4,9.4,0.471,2.1,5.0,0.422,2.3,4.4,0.525,0.582,1.2,1.6,0.786,0.6,3.7,4.2,3.7,0.2,0.2,1.6,1.6,12.2,
120.0,Scoot Henderson,20.0,POR,PG,9.0,0.0,25.1,4.3,10.7,0.406,0.9,3.2,0.276,3.4,7.4,0.463,0.448,2.6,3.2,0.793,0.6,2.4,3.0,4.7,0.8,0.0,2.9,2.3,12.1,
121.0,Zaccharie Risacher,19.0,ATL,SF,9.0,7.0,26.9,4.3,11.4,0.379,1.6,5.3,0.292,2.8,6.1,0.455,0.447,1.8,2.8,0.64,1.1,2.4,3.6,1.3,1.1,0.9,1.2,2.4,12.0,
122.0,D'Angelo Russell,28.0,LAL,PG,8.0,8.0,30.0,4.1,11.0,0.375,1.8,6.0,0.292,2.4,5.0,0.475,0.455,2.0,2.1,0.941,0.5,1.8,2.3,5.8,1.0,0.1,1.6,2.4,12.0,
123.0,Garrison Mathews,28.0,ATL,SG,8.0,0.0,22.9,3.6,7.4,0.492,3.3,6.3,0.52,0.4,1.1,0.333,0.712,1.4,1.6,0.846,0.3,1.1,1.4,1.6,0.9,0.3,0.6,2.8,11.9,
124.0,Rudy Gobert,32.0,MIN,C,8.0,8.0,32.6,4.6,7.1,0.649,0.0,0.0,,4.6,7.1,0.649,0.649,2.5,3.3,0.769,2.5,7.4,9.9,2.0,0.5,1.1,1.5,3.1,11.8,
125.0,Onyeka Okongwu,24.0,ATL,C,7.0,0.0,23.6,4.4,7.9,0.564,0.3,1.9,0.154,4.1,6.0,0.69,0.582,2.6,3.0,0.857,2.1,3.6,5.7,1.9,0.9,0.6,0.4,1.9,11.7,
126.0,Scotty Pippen Jr.,24.0,MEM,PG,9.0,0.0,25.8,4.3,8.7,0.5,1.3,3.0,0.444,3.0,5.7,0.529,0.577,1.7,2.1,0.789,0.6,3.0,3.6,6.4,1.1,0.4,2.6,3.4,11.7,
127.0,Dyson Daniels,21.0,ATL,PG,7.0,7.0,30.7,5.0,11.0,0.455,1.1,3.9,0.296,3.9,7.1,0.54,0.506,0.4,1.1,0.375,1.1,3.0,4.1,2.4,2.4,0.7,1.1,3.0,11.6,
128.0,Kevin Huerter,26.0,SAC,SG,6.0,6.0,25.7,4.5,9.0,0.5,2.2,6.0,0.361,2.3,3.0,0.778,0.62,0.3,0.3,1.0,0.5,2.5,3.0,1.8,0.8,0.7,0.7,2.7,11.5,
129.0,Miles McBride,24.0,NYK,PG,7.0,0.0,26.3,4.1,9.1,0.453,2.3,5.3,0.432,1.9,3.9,0.481,0.578,0.9,1.1,0.75,0.4,1.7,2.1,3.0,1.1,0.4,1.3,2.1,11.4,
130.0,Dillon Brooks,29.0,HOU,SG,8.0,8.0,32.3,3.9,10.1,0.383,1.8,5.1,0.341,2.1,5.0,0.425,0.469,1.8,1.9,0.933,1.4,2.4,3.8,0.6,0.6,0.3,0.4,3.5,11.3,
131.0,Moritz Wagner,27.0,ORL,C,9.0,1.0,17.8,3.7,7.3,0.5,0.6,2.3,0.238,3.1,5.0,0.622,0.538,3.4,4.2,0.816,0.6,4.0,4.6,0.7,0.7,0.3,1.8,2.4,11.3,
132.0,Luguentz Dort,25.0,OKC,SG,8.0,8.0,27.0,3.8,7.6,0.492,2.3,4.5,0.5,1.5,3.1,0.48,0.639,1.4,1.5,0.917,1.0,2.8,3.8,1.5,1.5,0.9,0.5,2.6,11.1,
133.0,Chris Paul,39.0,SAS,PG,9.0,9.0,28.4,4.0,8.2,0.486,2.2,5.3,0.417,1.8,2.9,0.615,0.622,0.9,0.9,1.0,0.4,3.3,3.8,8.0,1.1,0.1,2.2,2.2,11.1,
134.0,Julian Champagnie,23.0,SAS,SF,9.0,9.0,28.2,4.1,8.8,0.468,2.3,6.0,0.389,1.8,2.8,0.64,0.601,0.4,0.6,0.8,1.1,4.1,5.2,1.7,0.8,0.4,1.2,1.2,11.0,
135.0,Tari Eason,23.0,HOU,SF,8.0,0.0,21.3,4.5,8.0,0.563,1.0,2.5,0.4,3.5,5.5,0.636,0.625,1.0,1.6,0.615,2.3,2.3,4.5,1.4,1.8,1.0,0.5,2.5,11.0,
136.0,Daniel Gafford,26.0,DAL,PF,8.0,8.0,19.0,4.8,7.0,0.679,0.0,0.0,,4.8,7.0,0.679,0.679,1.5,2.0,0.75,2.5,3.4,5.9,1.1,0.4,1.3,0.8,2.9,11.0,
137.0,Nick Richards,27.0,CHO,C,5.0,5.0,27.4,4.2,6.6,0.636,0.0,0.2,0.0,4.2,6.4,0.656,0.636,2.6,4.4,0.591,4.0,6.0,10.0,1.8,0.4,2.4,1.4,2.8,11.0,
138.0,Jaylen Wells,21.0,MEM,SF,9.0,4.0,26.1,4.0,9.7,0.414,1.9,4.8,0.395,2.1,4.9,0.432,0.511,1.0,1.6,0.643,1.0,2.7,3.7,1.8,0.3,0.2,1.0,1.9,10.9,
139.0,Donte DiVincenzo,28.0,MIN,SG,8.0,0.0,27.0,3.6,9.8,0.372,2.4,7.3,0.328,1.3,2.5,0.5,0.494,1.1,1.5,0.75,0.5,2.9,3.4,3.5,1.4,0.4,1.9,2.1,10.8,
140.0,Zach Edey,22.0,MEM,C,9.0,9.0,19.1,4.8,7.4,0.642,0.2,0.4,0.5,4.6,7.0,0.651,0.657,1.0,2.0,0.5,3.0,3.6,6.6,0.4,0.4,0.8,1.2,2.9,10.8,
141.0,Malik Beasley,28.0,DET,SG,9.0,0.0,25.4,3.7,11.3,0.324,2.4,7.3,0.333,1.2,4.0,0.306,0.431,0.9,1.2,0.727,0.3,1.8,2.1,1.6,0.7,0.1,1.0,1.3,10.7,
142.0,Caleb Martin,29.0,PHI,SF,7.0,6.0,34.0,3.1,9.3,0.338,0.6,2.9,0.2,2.6,6.4,0.4,0.369,3.9,6.0,0.643,2.4,4.1,6.6,2.7,0.6,0.4,2.3,2.9,10.7,
143.0,Chris Boucher,32.0,TOR,PF,9.0,0.0,18.1,3.9,7.9,0.493,1.3,3.9,0.343,2.6,4.0,0.639,0.577,1.4,2.1,0.684,0.7,3.3,4.0,0.7,0.4,0.9,0.6,1.3,10.6,
144.0,Dorian Finney-Smith,31.0,BRK,PF,8.0,8.0,28.8,3.9,8.8,0.443,2.0,5.8,0.348,1.9,3.0,0.625,0.557,0.9,1.5,0.583,2.0,3.1,5.1,1.8,1.5,0.6,1.5,3.8,10.6,
145.0,Derrick Jones Jr.,27.0,LAC,SF,8.0,8.0,27.0,4.3,8.8,0.486,1.4,3.6,0.379,2.9,5.1,0.561,0.564,0.8,1.0,0.75,1.5,2.1,3.6,1.3,1.1,0.4,1.3,3.0,10.6,
146.0,Aaron Wiggins,26.0,OKC,SG,8.0,2.0,19.9,4.4,8.5,0.515,1.3,3.1,0.4,3.1,5.4,0.581,0.588,0.6,0.6,1.0,1.1,3.0,4.1,1.5,1.1,0.3,0.8,1.3,10.6,
147.0,Brandon Boston Jr.,23.0,NOP,SG,6.0,2.0,23.5,3.8,8.0,0.479,1.2,3.2,0.368,2.7,4.8,0.552,0.552,1.7,2.0,0.833,0.8,1.7,2.5,3.0,1.0,0.3,0.8,1.3,10.5,
148.0,Jusuf NurkiÄ,30.0,PHO,C,8.0,8.0,24.4,3.3,7.0,0.464,0.9,2.8,0.318,2.4,4.3,0.559,0.527,3.1,4.4,0.714,1.5,9.1,10.6,1.5,0.6,0.9,3.5,3.1,10.5,
149.0,Jose Alvarado,26.0,NOP,PG,9.0,5.0,25.3,3.6,8.7,0.41,2.1,5.0,0.422,1.4,3.7,0.394,0.532,1.2,1.2,1.0,0.6,1.6,2.1,4.9,1.4,0.3,1.1,2.7,10.4,
150.0,Moses Moody,22.0,GSW,SG,8.0,4.0,17.3,3.5,6.9,0.509,2.1,4.4,0.486,1.4,2.5,0.55,0.664,1.3,1.8,0.714,0.8,1.5,2.3,1.3,0.5,0.1,1.0,1.3,10.4,
151.0,Carlton Carrington,19.0,WAS,PG,6.0,5.0,29.2,3.5,8.0,0.438,1.2,3.3,0.35,2.3,4.7,0.5,0.51,2.2,2.3,0.929,0.0,4.3,4.3,4.8,0.8,0.3,1.3,3.7,10.3,
152.0,Corey Kispert,25.0,WAS,SF,6.0,0.0,30.3,3.8,10.2,0.377,1.7,6.5,0.256,2.2,3.7,0.591,0.459,0.8,1.0,0.833,0.2,3.0,3.2,1.7,0.3,0.2,0.7,1.7,10.2,
153.0,Deni Avdija,24.0,POR,SF,9.0,9.0,27.0,3.1,8.7,0.359,0.7,3.3,0.2,2.4,5.3,0.458,0.397,3.1,3.9,0.8,1.4,4.7,6.1,3.1,1.1,0.9,2.1,1.8,10.0,
154.0,Malaki Branham,21.0,SAS,SG,9.0,0.0,16.3,3.4,6.6,0.525,1.4,2.8,0.52,2.0,3.8,0.529,0.636,1.7,2.0,0.833,0.0,1.9,1.9,1.1,0.6,0.2,1.4,0.6,10.0,
155.0,Jay Huff,26.0,MEM,C,9.0,0.0,15.3,3.6,5.9,0.604,2.0,3.8,0.529,1.6,2.1,0.737,0.774,0.9,0.9,1.0,0.6,2.1,2.7,1.0,0.2,1.2,0.6,1.4,10.0,
156.0,Davion Mitchell,26.0,TOR,PG,9.0,8.0,29.7,4.0,8.7,0.462,1.2,4.1,0.297,2.8,4.6,0.61,0.532,0.8,1.0,0.778,0.3,1.9,2.2,6.3,1.1,0.4,2.6,3.0,10.0,
157.0,Clint Capela,30.0,ATL,C,9.0,9.0,22.9,4.3,5.9,0.736,0.0,0.0,,4.3,5.9,0.736,0.736,1.2,1.6,0.786,1.7,4.8,6.4,1.0,0.4,0.7,1.0,2.1,9.9,
158.0,Ayo Dosunmu,25.0,CHI,SG,9.0,3.0,28.1,3.9,9.9,0.393,0.9,4.8,0.186,3.0,5.1,0.587,0.438,1.2,1.3,0.917,0.9,4.2,5.1,4.0,0.1,0.4,1.3,2.4,9.9,
159.0,Jaden McDaniels,24.0,MIN,PF,8.0,8.0,27.9,3.9,8.3,0.47,1.1,3.6,0.31,2.8,4.6,0.595,0.538,1.0,1.3,0.8,1.0,1.4,2.4,1.5,0.5,1.1,1.1,3.1,9.9,
160.0,Obi Toppin,26.0,IND,PF,8.0,0.0,20.8,3.8,6.8,0.556,1.0,2.8,0.364,2.8,4.0,0.688,0.63,1.4,1.6,0.846,1.0,2.3,3.3,1.6,0.5,0.3,0.9,1.5,9.9,
161.0,T.J. McConnell,32.0,IND,PG,8.0,0.0,17.4,4.8,7.8,0.613,0.1,0.4,0.333,4.6,7.4,0.627,0.621,0.1,0.3,0.5,0.4,1.8,2.1,4.1,0.9,0.1,1.9,0.6,9.8,
162.0,Alex Sarr,19.0,WAS,PF,6.0,6.0,25.2,3.5,9.7,0.362,1.0,4.8,0.207,2.5,4.8,0.517,0.414,1.8,2.3,0.786,1.8,5.2,7.0,1.7,0.5,2.8,0.7,2.7,9.8,
163.0,Amen Thompson,22.0,HOU,SF,8.0,0.0,24.3,3.8,6.9,0.545,0.3,1.1,0.222,3.5,5.8,0.609,0.564,2.0,2.9,0.696,1.6,4.3,5.9,2.1,0.8,0.4,1.8,2.3,9.8,
164.0,Harrison Barnes,32.0,SAS,SF,9.0,9.0,28.7,3.6,7.1,0.5,1.0,3.1,0.321,2.6,4.0,0.639,0.57,1.6,1.9,0.824,1.8,1.9,3.7,1.4,0.3,0.2,0.8,0.6,9.7,
165.0,Nic Claxton,25.0,BRK,C,7.0,1.0,22.4,4.3,6.1,0.698,0.0,0.0,,4.3,6.1,0.698,0.698,1.0,2.9,0.35,2.0,5.3,7.3,2.3,0.9,1.1,0.9,3.4,9.6,
166.0,Ty Jerome,27.0,CLE,SG,9.0,0.0,15.2,3.4,5.9,0.585,0.9,1.7,0.533,2.6,4.2,0.605,0.66,1.8,2.2,0.8,0.4,1.7,2.1,3.1,1.4,0.0,0.7,0.7,9.6,
167.0,Brook Lopez,36.0,MIL,C,8.0,8.0,31.5,3.5,9.1,0.384,1.4,5.1,0.268,2.1,4.0,0.531,0.459,1.3,1.6,0.769,1.1,4.1,5.3,1.5,1.3,2.3,1.6,2.5,9.6,
168.0,Cody Martin,29.0,CHO,SF,8.0,3.0,23.9,3.5,7.3,0.483,1.4,3.6,0.379,2.1,3.6,0.586,0.578,1.3,1.5,0.833,1.1,3.1,4.3,1.5,0.8,0.5,0.8,2.3,9.6,
169.0,Grayson Allen,29.0,PHO,SG,6.0,0.0,19.3,2.8,7.5,0.378,2.0,5.5,0.364,0.8,2.0,0.417,0.511,1.8,2.0,0.917,0.5,1.8,2.3,1.0,0.8,0.7,0.7,1.3,9.5,
170.0,Walker Kessler,23.0,UTA,C,8.0,8.0,27.4,4.0,5.9,0.681,0.0,0.0,,4.0,5.9,0.681,0.681,1.5,2.6,0.571,4.0,7.4,11.4,1.1,0.5,3.0,1.6,2.4,9.5,
171.0,Royce O'Neale,31.0,PHO,SF,8.0,0.0,25.1,3.3,6.8,0.481,2.0,4.3,0.471,1.3,2.5,0.5,0.63,1.0,1.0,1.0,1.6,5.0,6.6,2.4,0.8,1.0,1.0,2.4,9.5,
172.0,Jaime Jaquez Jr.,23.0,MIA,SF,5.0,0.0,25.0,3.4,9.0,0.378,1.2,2.4,0.5,2.2,6.6,0.333,0.444,1.4,2.6,0.538,2.4,5.2,7.6,2.4,0.8,0.0,1.8,2.4,9.4,
173.0,Julian Strawther,22.0,DEN,SG,8.0,0.0,20.8,3.4,7.0,0.482,1.4,3.5,0.393,2.0,3.5,0.571,0.58,1.3,1.6,0.769,0.6,1.6,2.3,1.8,1.1,0.1,1.1,3.3,9.4,
174.0,P.J. Washington,26.0,DAL,PF,7.0,7.0,32.6,4.0,9.4,0.424,1.0,4.4,0.226,3.0,5.0,0.6,0.477,0.4,1.1,0.375,1.7,6.0,7.7,1.4,1.6,1.3,1.1,2.6,9.4,
175.0,Trayce Jackson-Davis,24.0,GSW,PF,8.0,8.0,18.4,4.3,5.9,0.723,0.0,0.0,,4.3,5.9,0.723,0.723,0.8,1.1,0.667,0.9,3.6,4.5,2.4,0.1,0.5,0.5,1.3,9.3,
176.0,Dereck Lively II,20.0,DAL,C,6.0,0.0,23.0,4.0,5.7,0.706,0.0,0.0,,4.0,5.7,0.706,0.706,1.3,2.3,0.571,3.3,4.8,8.2,2.5,0.8,0.8,1.2,3.7,9.3,
177.0,Brandin Podziemski,21.0,GSW,SG,7.0,3.0,28.1,4.0,10.6,0.378,0.9,4.7,0.182,3.1,5.9,0.537,0.419,0.4,0.9,0.5,1.3,4.0,5.3,4.0,0.7,0.6,1.9,2.7,9.3,
178.0,Ziaire Williams,23.0,BRK,SF,8.0,0.0,19.5,3.6,6.9,0.527,1.1,2.9,0.391,2.5,4.0,0.625,0.609,0.9,1.1,0.778,1.0,2.1,3.1,1.3,1.1,0.4,0.9,2.8,9.3,
179.0,Aaron Nesmith,25.0,IND,SF,6.0,6.0,22.7,3.2,6.0,0.528,1.0,1.8,0.545,2.2,4.2,0.52,0.611,1.8,2.2,0.846,0.7,3.3,4.0,1.0,0.7,0.3,0.8,4.0,9.2,
180.0,Toumani Camara,24.0,POR,PF,9.0,9.0,31.0,3.4,7.8,0.443,1.4,3.3,0.433,2.0,4.4,0.45,0.536,0.8,1.2,0.636,2.4,2.6,5.0,2.4,1.7,0.3,1.0,3.1,9.1,
181.0,Isaiah Joe,25.0,OKC,SG,8.0,3.0,20.4,3.1,7.5,0.417,2.5,6.1,0.408,0.6,1.4,0.455,0.583,0.4,0.6,0.6,0.9,1.8,2.6,1.5,0.6,0.0,0.4,1.6,9.1,
182.0,David Roddy,23.0,ATL,PF,7.0,1.0,23.4,3.1,5.7,0.55,1.1,2.7,0.421,2.0,3.0,0.667,0.65,1.6,1.9,0.846,0.6,4.3,4.9,2.1,0.7,0.3,1.1,1.1,9.0,
183.0,Amir Coffey,27.0,LAC,SG,8.0,0.0,22.1,3.3,5.5,0.591,1.5,2.5,0.6,1.8,3.0,0.583,0.727,0.9,1.3,0.7,0.6,1.8,2.4,0.6,0.6,0.0,0.5,1.5,8.9,
184.0,Draymond Green,34.0,GSW,PF,8.0,8.0,27.5,2.6,5.9,0.447,1.3,2.9,0.435,1.4,3.0,0.458,0.553,2.4,3.4,0.704,1.1,4.5,5.6,4.3,0.8,1.3,1.9,3.5,8.9,
185.0,Tyus Jones,28.0,PHO,PG,8.0,8.0,31.5,3.5,7.9,0.444,1.4,4.0,0.344,2.1,3.9,0.548,0.532,0.5,0.5,1.0,0.6,2.6,3.3,6.8,1.0,0.3,1.0,0.9,8.9,
186.0,Jalen Smith,24.0,CHI,PF,8.0,0.0,14.4,3.0,6.4,0.471,1.5,3.6,0.414,1.5,2.8,0.545,0.588,1.3,1.9,0.667,1.6,3.6,5.3,0.4,0.6,0.3,0.5,2.4,8.8,
187.0,Mike Conley,37.0,MIN,PG,8.0,8.0,24.0,2.5,7.4,0.339,1.9,5.1,0.366,0.6,2.3,0.278,0.466,1.8,1.9,0.933,0.9,2.0,2.9,5.1,1.1,0.4,1.1,2.0,8.6,
188.0,Andre Drummond,31.0,PHI,C,7.0,7.0,27.0,3.3,6.9,0.479,0.1,0.6,0.25,3.1,6.3,0.5,0.49,1.9,3.3,0.565,3.7,6.9,10.6,0.6,1.6,0.6,2.6,3.6,8.6,
189.0,Grant Williams,26.0,CHO,PF,8.0,1.0,26.0,2.8,6.4,0.431,1.9,4.8,0.395,0.9,1.6,0.538,0.578,1.3,1.5,0.833,0.9,3.1,4.0,2.6,1.3,0.4,1.6,3.1,8.6,
190.0,Jalen Wilson,24.0,BRK,PF,8.0,0.0,22.8,2.9,6.3,0.46,0.9,3.4,0.259,2.0,2.9,0.696,0.53,2.0,2.4,0.842,1.0,2.6,3.6,2.3,0.4,0.0,0.9,2.1,8.6,
191.0,Kyle Lowry,38.0,PHI,PG,7.0,4.0,22.7,2.6,4.9,0.529,2.1,4.0,0.536,0.4,0.9,0.5,0.75,1.1,1.6,0.727,0.6,1.7,2.3,3.4,1.4,0.3,0.9,2.0,8.4,
192.0,Patrick Williams,23.0,CHI,PF,9.0,9.0,27.9,2.9,8.4,0.342,1.7,4.4,0.375,1.2,4.0,0.306,0.441,1.0,1.2,0.818,0.9,3.9,4.8,1.7,1.0,0.4,1.9,1.6,8.4,
193.0,Guerschon Yabusele,29.0,PHI,PF,7.0,0.0,19.7,3.0,6.4,0.467,1.6,4.1,0.379,1.4,2.3,0.625,0.589,0.9,1.1,0.75,1.6,2.3,3.9,2.3,1.0,0.4,1.6,3.3,8.4,
194.0,Wendell Carter Jr.,25.0,ORL,C,6.0,6.0,26.3,2.8,6.3,0.447,0.3,2.7,0.125,2.5,3.7,0.682,0.474,2.3,3.0,0.778,2.0,6.8,8.8,2.2,1.3,0.3,0.5,2.3,8.3,
195.0,Larry Nance Jr.,32.0,ATL,PF,4.0,1.0,15.8,3.5,5.5,0.636,1.3,2.3,0.556,2.3,3.3,0.692,0.75,0.0,0.0,,1.8,1.3,3.0,1.0,0.8,0.3,1.0,1.0,8.3,
196.0,Al Horford,38.0,BOS,C,8.0,8.0,25.5,3.0,5.9,0.511,1.9,3.9,0.484,1.1,2.0,0.563,0.67,0.3,0.3,1.0,1.1,3.9,5.0,2.5,1.3,0.6,0.9,1.3,8.1,
197.0,Bogdan BogdanoviÄ,32.0,ATL,SG,1.0,0.0,28.0,2.0,6.0,0.333,2.0,6.0,0.333,0.0,0.0,,0.5,2.0,2.0,1.0,0.0,2.0,2.0,2.0,0.0,2.0,2.0,3.0,8.0,
198.0,Jalen Duren,21.0,DET,C,9.0,9.0,23.3,3.3,4.0,0.833,0.0,0.0,,3.3,4.0,0.833,0.833,1.3,2.3,0.571,3.2,6.4,9.7,2.4,0.3,1.2,1.8,3.0,8.0,
199.0,Jake LaRavia,23.0,MEM,PF,9.0,0.0,26.4,3.0,6.3,0.474,0.8,2.4,0.318,2.2,3.9,0.571,0.535,1.2,2.6,0.478,1.7,4.1,5.8,3.9,0.7,0.2,1.3,2.4,8.0,
200.0,Nickeil Alexander-Walker,26.0,MIN,SG,8.0,0.0,22.3,2.6,5.6,0.467,1.8,3.6,0.483,0.9,2.0,0.438,0.622,0.9,1.4,0.636,0.5,1.6,2.1,2.9,0.6,0.3,1.1,1.1,7.9,
201.0,Sam Merrill,28.0,CLE,SG,9.0,0.0,20.3,2.7,6.0,0.444,2.1,5.2,0.404,0.6,0.8,0.714,0.62,0.4,0.4,1.0,0.2,1.4,1.7,1.4,0.8,0.1,0.6,2.1,7.9,
202.0,Taurean Prince,30.0,MIL,PF,8.0,8.0,28.0,3.0,5.4,0.558,1.9,3.4,0.556,1.1,2.0,0.563,0.733,0.0,0.0,,0.9,3.8,4.6,1.8,1.0,0.1,0.6,2.3,7.9,
203.0,Kyshawn George,21.0,WAS,SG,6.0,3.0,27.3,2.8,9.0,0.315,1.3,6.5,0.205,1.5,2.5,0.6,0.389,0.7,1.0,0.667,0.7,3.5,4.2,2.7,1.0,1.3,1.0,4.2,7.7,
204.0,Tristan Da Silva,23.0,ORL,SF,5.0,3.0,22.8,2.8,6.4,0.438,1.2,2.8,0.429,1.6,3.6,0.444,0.531,0.8,1.0,0.8,0.6,2.0,2.6,1.8,0.0,0.2,0.6,1.6,7.6,
205.0,Kris Dunn,30.0,LAC,PG,8.0,0.0,21.5,3.0,5.4,0.558,1.3,2.8,0.455,1.8,2.6,0.667,0.674,0.3,0.8,0.333,1.0,3.1,4.1,2.6,1.1,0.3,1.1,2.9,7.5,
206.0,Sam Hauser,27.0,BOS,PF,6.0,0.0,19.3,2.8,7.0,0.405,1.8,5.5,0.333,1.0,1.5,0.667,0.536,0.0,0.0,,1.0,3.3,4.3,1.2,0.3,0.2,0.5,0.8,7.5,
207.0,Dalano Banton,25.0,POR,SF,7.0,0.0,8.9,2.7,4.6,0.594,0.7,1.6,0.455,2.0,3.0,0.667,0.672,1.3,2.3,0.563,0.3,0.7,1.0,1.6,0.7,0.3,0.7,0.6,7.4,
208.0,Nikola JoviÄ,21.0,MIA,PF,7.0,7.0,19.3,2.7,6.6,0.413,1.1,3.7,0.308,1.6,2.9,0.55,0.5,0.9,1.3,0.667,0.7,3.1,3.9,1.4,0.9,0.1,0.7,1.7,7.4,
209.0,Johnny Juzang,23.0,UTA,SG,5.0,0.0,16.4,2.2,5.0,0.44,1.6,3.8,0.421,0.6,1.2,0.5,0.6,1.4,1.4,1.0,0.4,0.8,1.2,0.8,0.8,0.2,0.6,2.0,7.4,
210.0,Anthony Black,21.0,ORL,PG,9.0,1.0,24.9,2.7,6.6,0.407,0.6,2.0,0.278,2.1,4.6,0.463,0.449,1.4,2.1,0.684,0.9,1.9,2.8,4.1,0.8,0.8,2.2,2.6,7.3,
211.0,Andrew Nembhard,25.0,IND,SG,7.0,7.0,26.7,2.9,7.4,0.385,0.4,1.9,0.231,2.4,5.6,0.436,0.413,1.1,1.4,0.8,0.1,1.9,2.0,4.7,0.9,0.0,1.4,2.1,7.3,
212.0,Gary Trent Jr.,26.0,MIL,SG,8.0,7.0,26.9,2.3,7.6,0.295,1.1,4.9,0.231,1.1,2.8,0.409,0.369,1.6,1.8,0.929,0.0,1.4,1.4,0.9,0.8,0.0,0.9,2.8,7.3,
213.0,Seth Curry,34.0,CHO,SG,7.0,4.0,21.4,2.6,5.7,0.45,1.6,3.3,0.478,1.0,2.4,0.412,0.588,0.4,0.7,0.6,1.3,1.4,2.7,0.9,0.6,0.1,0.4,2.1,7.1,
214.0,A.J. Green,25.0,MIL,SG,7.0,0.0,12.6,2.3,3.7,0.615,2.3,3.7,0.615,0.0,0.0,,0.923,0.3,0.3,1.0,0.0,1.1,1.1,0.9,0.3,0.0,0.4,0.1,7.1,
215.0,Eric Gordon,36.0,PHI,SG,7.0,1.0,21.1,2.1,5.3,0.405,1.0,3.0,0.333,1.1,2.3,0.5,0.5,1.7,2.3,0.75,0.3,0.6,0.9,1.4,0.1,0.3,1.0,1.0,7.0,
216.0,Isaiah Jackson,23.0,IND,PF,5.0,1.0,16.8,2.8,4.6,0.609,0.0,0.0,,2.8,4.6,0.609,0.609,1.4,2.8,0.5,2.2,3.4,5.6,1.0,0.6,1.6,1.0,2.8,7.0,
217.0,Pelle Larsson,23.0,MIA,SG,4.0,0.0,16.8,2.5,4.0,0.625,1.0,2.5,0.4,1.5,1.5,1.0,0.75,1.0,1.5,0.667,0.3,0.5,0.8,1.8,0.8,0.0,0.8,1.5,7.0,
218.0,Dean Wade,28.0,CLE,PF,7.0,7.0,23.9,2.4,5.9,0.415,1.6,4.7,0.333,0.9,1.1,0.75,0.549,0.4,1.1,0.375,0.6,3.9,4.4,1.9,1.3,0.0,0.3,2.1,6.9,
219.0,Cason Wallace,21.0,OKC,SG,8.0,3.0,24.9,3.0,7.3,0.414,0.8,2.9,0.261,2.3,4.4,0.514,0.466,0.1,0.1,1.0,0.5,2.8,3.3,1.5,1.6,0.5,0.8,2.0,6.9,
220.0,Kentavious Caldwell-Pope,31.0,ORL,SG,9.0,9.0,29.6,2.1,6.4,0.328,1.1,4.6,0.244,1.0,1.9,0.529,0.414,1.4,1.4,1.0,0.6,1.6,2.1,1.4,1.4,0.7,0.6,2.1,6.8,
221.0,Stephon Castle,20.0,SAS,PG,9.0,2.0,21.1,2.6,7.4,0.343,0.3,2.7,0.125,2.2,4.8,0.465,0.366,1.3,2.1,0.632,0.7,1.9,2.6,2.4,0.8,0.3,1.0,1.7,6.8,
222.0,Ryan Dunn,22.0,PHO,SF,8.0,2.0,15.9,2.5,5.5,0.455,1.6,4.1,0.394,0.9,1.4,0.636,0.602,0.1,0.3,0.5,0.4,1.9,2.3,0.9,0.4,0.3,0.4,2.4,6.8,
223.0,Herbert Jones,26.0,NOP,SF,4.0,4.0,28.3,3.0,6.3,0.48,0.5,2.8,0.182,2.5,3.5,0.714,0.52,0.3,0.5,0.5,1.0,1.5,2.5,1.0,1.8,0.3,1.3,2.3,6.8,
224.0,Dalton Knecht,23.0,LAL,SF,8.0,1.0,17.3,2.4,5.6,0.422,1.3,3.9,0.323,1.1,1.8,0.643,0.533,0.8,0.8,1.0,0.5,1.1,1.6,1.1,0.4,0.0,0.6,1.3,6.8,
225.0,Neemias Queta,25.0,BOS,C,8.0,2.0,15.6,3.0,4.8,0.632,0.0,0.1,0.0,3.0,4.6,0.649,0.632,0.8,1.0,0.75,2.4,2.6,5.0,0.4,0.1,0.5,0.5,1.8,6.8,
226.0,Ben Sheppard,23.0,IND,SG,8.0,0.0,17.1,2.5,4.6,0.541,1.8,3.5,0.5,0.8,1.1,0.667,0.73,0.0,0.0,,0.5,1.4,1.9,0.9,0.1,0.3,0.4,2.0,6.8,
227.0,Jared McCain,20.0,PHI,PG,7.0,0.0,11.3,2.6,5.6,0.462,0.4,1.7,0.25,2.1,3.9,0.556,0.5,1.1,1.1,1.0,0.6,1.4,2.0,1.3,0.3,0.0,0.4,0.4,6.7,
228.0,Jonathan Mogbo,23.0,TOR,PF,9.0,1.0,17.7,2.2,4.4,0.5,0.1,0.7,0.167,2.1,3.8,0.559,0.513,2.0,2.9,0.692,2.7,2.0,4.7,2.0,1.1,0.7,1.0,2.7,6.6,
229.0,Kevin Porter Jr.,24.0,LAC,SG,8.0,0.0,15.9,2.9,8.6,0.333,0.3,2.5,0.1,2.6,6.1,0.429,0.348,0.5,0.8,0.667,0.9,3.0,3.9,2.9,0.8,0.1,2.4,1.3,6.5,
230.0,Duncan Robinson,30.0,MIA,SF,6.0,0.0,15.5,2.3,7.2,0.326,1.8,5.2,0.355,0.5,2.0,0.25,0.453,0.0,0.0,,0.0,1.3,1.3,0.8,0.0,0.5,0.3,1.2,6.5,
231.0,Peyton Watson,22.0,DEN,SG,8.0,1.0,20.0,2.0,6.4,0.314,0.4,2.0,0.188,1.6,4.4,0.371,0.343,2.1,2.9,0.739,1.0,1.6,2.6,1.0,1.0,1.0,0.8,2.3,6.5,
232.0,Jamison Battle,23.0,TOR,SF,8.0,0.0,15.0,2.1,5.1,0.415,1.4,3.8,0.367,0.8,1.4,0.545,0.549,0.8,1.0,0.75,1.0,1.9,2.9,0.9,0.0,0.3,0.3,2.1,6.4,
233.0,Keon Ellis,25.0,SAC,SG,7.0,1.0,20.1,2.1,4.1,0.517,0.9,2.4,0.353,1.3,1.7,0.75,0.621,1.3,1.6,0.818,1.3,1.0,2.3,1.1,1.7,1.0,0.4,2.3,6.4,
234.0,Haywood Highsmith,28.0,MIA,SF,5.0,0.0,18.2,2.6,4.4,0.591,0.6,1.8,0.333,2.0,2.6,0.769,0.659,0.6,0.8,0.75,0.8,3.0,3.8,0.6,1.2,0.4,0.2,1.4,6.4,
235.0,Jock Landale,29.0,HOU,C,5.0,0.0,10.8,2.6,4.8,0.542,0.6,0.6,1.0,2.0,4.2,0.476,0.604,0.6,0.8,0.75,1.8,1.2,3.0,0.6,0.2,0.0,0.4,0.8,6.4,
236.0,Jamal Shead,22.0,TOR,PG,9.0,0.0,18.1,2.4,6.1,0.4,0.6,2.0,0.278,1.9,4.1,0.459,0.445,1.0,1.1,0.9,0.1,1.0,1.1,4.4,0.4,0.2,1.7,2.2,6.4,
237.0,De'Anthony Melton,26.0,GSW,PG,3.0,0.0,16.7,2.3,6.7,0.35,1.3,5.0,0.267,1.0,1.7,0.6,0.45,0.3,0.7,0.5,0.3,1.0,1.3,2.7,1.0,0.7,1.0,3.3,6.3,
238.0,Alec Burks,33.0,MIA,SG,5.0,0.0,18.2,2.0,4.0,0.5,1.8,2.8,0.643,0.2,1.2,0.167,0.725,0.4,0.4,1.0,0.4,1.2,1.6,1.8,0.6,0.2,0.2,0.4,6.2,
239.0,Josh Green,24.0,CHO,SG,6.0,5.0,22.3,2.2,5.2,0.419,1.7,3.3,0.5,0.5,1.8,0.273,0.581,0.2,0.5,0.333,0.5,0.8,1.3,1.2,0.5,0.5,0.3,3.2,6.2,
240.0,Ron Holland,19.0,DET,SF,9.0,0.0,14.6,2.6,5.2,0.489,0.3,2.1,0.158,2.2,3.1,0.714,0.521,0.8,0.8,1.0,0.3,2.6,2.9,0.4,0.6,0.1,0.7,1.6,6.2,
241.0,Yves Missi,20.0,NOP,C,9.0,4.0,21.9,2.4,5.3,0.458,0.0,0.0,,2.4,5.3,0.458,0.458,1.3,2.1,0.632,2.8,3.1,5.9,1.7,0.4,1.6,0.7,1.4,6.2,
242.0,Noah Clowney,20.0,BRK,PF,7.0,1.0,16.1,2.0,6.3,0.318,1.0,3.4,0.292,1.0,2.9,0.35,0.398,1.1,1.4,0.8,1.1,2.1,3.3,0.4,0.3,0.6,0.4,2.1,6.1,
243.0,Georges Niang,31.0,CLE,PF,9.0,0.0,19.4,2.3,5.4,0.429,1.3,4.0,0.333,1.0,1.4,0.692,0.551,0.1,0.2,0.5,0.6,2.9,3.4,1.3,0.4,0.2,0.8,2.3,6.1,
244.0,Keaton Wallace,25.0,ATL,PG,7.0,0.0,15.0,2.3,4.6,0.5,1.0,2.1,0.467,1.3,2.4,0.529,0.609,0.6,0.6,1.0,0.1,1.4,1.6,1.1,1.1,0.4,0.9,1.0,6.1,
245.0,Cam Whitmore,20.0,HOU,SF,7.0,0.0,10.6,2.4,6.3,0.386,0.1,2.6,0.056,2.3,3.7,0.615,0.398,1.1,1.7,0.667,0.6,1.0,1.6,0.4,0.1,0.1,0.4,1.1,6.1,
246.0,Zach Collins,27.0,SAS,PF,9.0,0.0,13.9,1.9,4.1,0.459,0.8,1.8,0.438,1.1,2.3,0.476,0.554,1.4,1.6,0.929,1.2,2.0,3.2,1.9,0.7,0.2,1.0,2.0,6.0,
247.0,Luke Kennard,28.0,MEM,SG,1.0,0.0,18.0,2.0,4.0,0.5,1.0,2.0,0.5,1.0,2.0,0.5,0.625,1.0,2.0,0.5,0.0,1.0,1.0,2.0,0.0,0.0,0.0,2.0,6.0,
248.0,Naji Marshall,27.0,DAL,SF,8.0,1.0,20.8,2.5,5.3,0.476,0.3,1.5,0.167,2.3,3.8,0.6,0.5,0.8,0.8,1.0,0.5,2.8,3.3,3.4,1.1,0.1,0.6,1.1,6.0,
249.0,Svi Mykhailiuk,27.0,UTA,SF,1.0,0.0,15.0,2.0,6.0,0.333,2.0,5.0,0.4,0.0,1.0,0.0,0.5,0.0,0.0,,0.0,1.0,1.0,2.0,1.0,0.0,2.0,2.0,6.0,
250.0,Paul Reed,25.0,DET,PF,3.0,0.0,8.7,2.7,3.7,0.727,0.0,0.3,0.0,2.7,3.3,0.8,0.727,0.7,1.0,0.667,0.7,1.0,1.7,0.7,1.0,1.0,1.0,1.3,6.0,
251.0,James Wiseman,23.0,IND,C,1.0,0.0,5.0,2.0,4.0,0.5,0.0,1.0,0.0,2.0,3.0,0.667,0.5,2.0,2.0,1.0,0.0,1.0,1.0,0.0,0.0,0.0,0.0,0.0,6.0,
252.0,Kyle Anderson,31.0,GSW,SF,8.0,0.0,16.5,2.0,5.5,0.364,0.8,2.5,0.3,1.3,3.0,0.417,0.432,1.0,1.5,0.667,1.0,2.6,3.6,2.4,1.3,0.8,0.4,0.8,5.8,
253.0,Brice Sensabaugh,21.0,UTA,SF,8.0,0.0,12.9,1.9,4.1,0.455,1.0,2.6,0.381,0.9,1.5,0.583,0.576,1.0,1.1,0.889,0.6,1.3,1.9,0.5,0.4,0.0,1.3,0.4,5.8,
254.0,Ben Simmons,28.0,BRK,PG,6.0,6.0,24.3,2.7,4.3,0.615,0.0,0.0,,2.7,4.3,0.615,0.615,0.5,0.7,0.75,1.0,5.0,6.0,6.2,0.7,0.7,3.3,4.0,5.8,
255.0,Jared Butler,24.0,WAS,SG,5.0,0.0,8.8,2.2,3.8,0.579,0.2,0.6,0.333,2.0,3.2,0.625,0.605,1.0,1.4,0.714,0.0,0.6,0.6,2.4,0.6,0.2,0.4,0.4,5.6,
256.0,Simone Fontecchio,29.0,DET,SF,9.0,0.0,18.8,1.7,4.9,0.341,1.0,3.2,0.31,0.7,1.7,0.4,0.443,1.2,1.6,0.786,0.9,2.7,3.6,0.6,0.1,0.1,0.6,1.2,5.6,
257.0,Terance Mann,28.0,LAC,SG,8.0,8.0,22.6,2.3,5.5,0.409,0.4,1.9,0.2,1.9,3.6,0.517,0.443,0.8,1.1,0.667,1.4,2.0,3.4,1.9,0.6,0.0,0.5,2.9,5.6,
258.0,Cameron Payne,30.0,NYK,PG,5.0,0.0,15.4,2.4,6.6,0.364,0.8,3.0,0.267,1.6,3.6,0.444,0.424,0.0,0.2,0.0,0.6,1.4,2.0,3.2,0.6,0.2,0.4,1.6,5.6,
259.0,Marcus Smart,30.0,MEM,PG,5.0,5.0,19.8,1.6,6.8,0.235,0.6,3.6,0.167,1.0,3.2,0.313,0.279,1.8,2.2,0.818,1.0,1.2,2.2,2.8,1.2,0.6,1.4,2.2,5.6,
260.0,Kevon Looney,28.0,GSW,PF,8.0,0.0,16.3,2.1,4.6,0.459,0.0,0.0,,2.1,4.6,0.459,0.459,1.3,2.0,0.625,4.3,4.1,8.4,1.6,0.9,0.5,0.6,3.1,5.5,
261.0,Jaylen Nowell,25.0,NOP,SG,2.0,0.0,13.5,2.0,6.0,0.333,1.0,2.0,0.5,1.0,4.0,0.25,0.417,0.5,1.0,0.5,0.5,0.5,1.0,0.5,0.5,0.0,1.0,1.0,5.5,
262.0,Jaxson Hayes,24.0,LAL,C,8.0,1.0,17.3,2.1,3.0,0.708,0.0,0.0,,2.1,3.0,0.708,0.708,1.1,1.4,0.818,1.9,2.9,4.8,1.0,0.4,0.5,0.8,2.5,5.4,
263.0,Jarace Walker,21.0,IND,PF,8.0,0.0,11.5,2.0,3.5,0.571,0.9,1.8,0.5,1.1,1.8,0.643,0.696,0.5,0.8,0.667,0.6,1.9,2.5,0.9,1.0,0.1,0.9,1.5,5.4,
264.0,Lindy Waters III,27.0,GSW,SG,8.0,1.0,14.8,2.0,4.3,0.471,1.1,2.9,0.391,0.9,1.4,0.636,0.603,0.3,0.3,1.0,0.5,1.6,2.1,1.6,0.4,0.1,0.0,1.0,5.4,
265.0,Ousmane Dieng,21.0,OKC,SF,8.0,0.0,13.4,1.9,4.5,0.417,0.9,2.8,0.318,1.0,1.8,0.571,0.514,0.6,0.9,0.714,0.5,2.8,3.3,1.0,0.8,0.4,0.0,0.9,5.3,
266.0,Javonte Green,31.0,NOP,SG,9.0,1.0,21.6,1.8,3.2,0.552,0.6,1.3,0.417,1.2,1.9,0.647,0.638,1.2,1.3,0.917,0.9,2.3,3.2,0.6,1.4,0.6,0.4,1.2,5.3,
267.0,Jonathan Isaac,27.0,ORL,PF,6.0,0.0,14.0,1.8,4.7,0.393,0.7,2.7,0.25,1.2,2.0,0.583,0.464,1.0,1.7,0.6,1.8,2.2,4.0,0.3,0.8,0.8,0.7,1.0,5.3,
268.0,Goga Bitadze,25.0,ORL,C,5.0,2.0,14.6,2.4,4.4,0.545,0.0,0.8,0.0,2.4,3.6,0.667,0.545,0.4,0.8,0.5,1.8,3.4,5.2,1.4,0.4,1.0,1.0,1.6,5.2,
269.0,Isaac Okoro,24.0,CLE,SG,9.0,2.0,20.3,1.8,3.7,0.485,0.9,1.8,0.5,0.9,1.9,0.471,0.606,0.8,1.2,0.636,1.1,1.7,2.8,1.4,0.8,0.3,0.3,2.2,5.2,
270.0,Brandon Clarke,28.0,MEM,PF,9.0,0.0,14.6,2.1,4.3,0.487,0.0,0.4,0.0,2.1,3.9,0.543,0.487,0.9,1.2,0.727,0.7,2.0,2.7,0.7,0.8,0.1,0.3,1.3,5.1,
271.0,Talen Horton-Tucker,24.0,CHI,SG,7.0,0.0,11.9,1.7,3.7,0.462,0.4,1.4,0.3,1.3,2.3,0.563,0.519,1.3,1.9,0.692,0.4,2.0,2.4,1.7,0.0,0.1,0.4,0.6,5.1,
272.0,Spencer Dinwiddie,31.0,DAL,PG,7.0,0.0,16.9,1.6,4.6,0.344,0.9,3.1,0.273,0.7,1.4,0.5,0.438,1.0,1.4,0.7,0.1,1.3,1.4,1.9,0.1,0.3,0.6,1.7,5.0,
273.0,John Konchar,28.0,MEM,SG,3.0,0.0,19.0,1.3,2.0,0.667,1.3,2.0,0.667,0.0,0.0,,1.0,1.0,1.3,0.75,1.0,3.7,4.7,1.0,0.7,0.7,0.7,1.3,5.0,
274.0,Gary Payton II,32.0,GSW,PG,8.0,1.0,12.6,2.1,3.3,0.654,0.3,0.9,0.286,1.9,2.4,0.789,0.692,0.5,0.6,0.8,0.9,0.9,1.8,1.4,0.9,0.4,0.6,1.3,5.0,
275.0,Cam Reddish,25.0,LAL,SF,3.0,0.0,16.3,1.7,2.7,0.625,0.7,0.7,1.0,1.0,2.0,0.5,0.75,1.0,1.3,0.75,0.7,3.3,4.0,0.7,1.0,0.0,0.3,1.7,5.0,
276.0,Luke Kornet,29.0,BOS,C,9.0,2.0,18.1,1.6,2.7,0.583,0.0,0.0,,1.6,2.7,0.583,0.583,1.8,1.9,0.941,2.2,2.1,4.3,1.6,0.6,0.9,0.4,1.7,4.9,
277.0,Jeremiah Robinson-Earl,24.0,NOP,PF,9.0,1.0,15.8,1.8,3.6,0.5,0.8,1.6,0.5,1.0,2.0,0.5,0.609,0.6,0.6,1.0,1.7,1.6,3.2,0.9,0.3,0.1,0.6,1.0,4.9,
278.0,Rayan Rupert,20.0,POR,SG,8.0,0.0,12.0,2.0,3.6,0.552,0.6,1.5,0.417,1.4,2.1,0.647,0.638,0.3,0.5,0.5,0.5,1.0,1.5,0.3,0.8,0.1,0.3,1.1,4.9,
279.0,Thomas Bryant,27.0,MIA,C,6.0,0.0,13.7,1.7,3.3,0.5,0.7,1.7,0.4,1.0,1.7,0.6,0.6,0.8,0.8,1.0,1.0,2.8,3.8,0.7,0.2,0.7,0.2,1.2,4.8,
280.0,Cody Williams,20.0,UTA,SG,8.0,5.0,23.6,1.8,6.0,0.292,0.6,3.4,0.185,1.1,2.6,0.429,0.344,0.6,1.0,0.625,0.8,2.3,3.0,1.4,0.5,0.3,0.8,1.1,4.8,
281.0,Lonzo Ball,27.0,CHI,PG,3.0,0.0,15.7,1.7,4.7,0.357,1.3,4.0,0.333,0.3,0.7,0.5,0.5,0.0,0.0,,0.0,2.7,2.7,3.7,0.0,0.3,1.0,1.3,4.7,
282.0,Kyle Filipowski,21.0,UTA,C,7.0,3.0,13.3,2.0,4.0,0.5,0.7,2.1,0.333,1.3,1.9,0.692,0.589,0.0,0.3,0.0,0.6,3.0,3.6,1.0,0.1,0.0,1.0,1.7,4.7,
283.0,Taj Gibson,39.0,CHO,PF,3.0,2.0,11.7,2.0,4.0,0.5,0.3,0.7,0.5,1.7,3.3,0.5,0.542,0.3,0.3,1.0,2.0,2.0,4.0,0.0,0.3,0.7,0.3,1.7,4.7,
284.0,Taylor Hendricks,21.0,UTA,PF,3.0,3.0,25.0,1.3,6.0,0.222,1.0,4.0,0.25,0.3,2.0,0.167,0.306,1.0,1.3,0.75,1.7,3.3,5.0,0.7,1.7,1.3,0.7,2.7,4.7,
285.0,KJ Martin,24.0,PHI,SF,7.0,1.0,17.9,1.9,2.7,0.684,0.1,0.1,1.0,1.7,2.6,0.667,0.711,0.9,1.1,0.75,0.6,2.3,2.9,0.7,0.4,0.7,0.0,2.4,4.7,
286.0,Vit Krejci,24.0,ATL,PG,4.0,0.0,14.0,1.5,3.5,0.429,0.5,1.8,0.286,1.0,1.8,0.571,0.5,1.0,1.8,0.571,0.3,1.0,1.3,1.0,0.8,0.3,1.0,2.3,4.5,
287.0,Sandro Mamukelashvili,25.0,SAS,PF,7.0,0.0,7.6,1.7,2.6,0.667,0.9,1.4,0.6,0.9,1.1,0.75,0.833,0.1,0.1,1.0,0.7,2.1,2.9,0.3,0.0,0.6,1.0,0.6,4.4,
288.0,Patrick Baldwin Jr.,22.0,WAS,SF,4.0,0.0,5.0,1.8,3.3,0.538,0.8,1.5,0.5,1.0,1.8,0.571,0.654,0.0,0.0,,0.3,0.8,1.0,0.3,0.3,0.3,0.0,0.5,4.3,
289.0,Jamal Cain,25.0,NOP,SF,6.0,0.0,11.0,1.5,3.2,0.474,0.7,1.7,0.4,0.8,1.5,0.556,0.579,0.7,1.0,0.667,0.7,1.0,1.7,0.2,0.2,0.3,0.7,1.0,4.3,
290.0,Julian Phillips,21.0,CHI,SF,9.0,0.0,13.9,1.6,3.6,0.438,0.7,2.1,0.316,0.9,1.4,0.615,0.531,0.6,1.1,0.5,0.7,0.8,1.4,0.4,0.9,0.0,0.4,1.2,4.3,
291.0,Mason Plumlee,34.0,PHO,C,8.0,0.0,16.3,1.6,2.6,0.619,0.0,0.0,,1.6,2.6,0.619,0.619,1.0,2.0,0.5,1.4,3.4,4.8,1.1,0.4,0.6,0.5,1.9,4.3,
292.0,Blake Wesley,21.0,SAS,SG,8.0,0.0,10.5,1.6,4.0,0.406,0.3,1.1,0.222,1.4,2.9,0.478,0.438,0.8,1.0,0.75,0.3,0.4,0.6,2.0,0.4,0.0,1.0,0.8,4.3,
293.0,Marvin Bagley III,25.0,WAS,PF,5.0,0.0,6.4,1.6,3.2,0.5,0.0,0.6,0.0,1.6,2.6,0.615,0.5,1.0,1.4,0.714,1.4,1.8,3.2,0.2,0.0,0.2,0.6,0.2,4.2,
294.0,Jett Howard,21.0,ORL,SF,9.0,0.0,10.1,1.4,4.3,0.333,1.1,3.4,0.323,0.3,0.9,0.375,0.462,0.2,0.2,1.0,0.1,1.1,1.2,0.1,0.1,0.3,0.3,0.7,4.2,
295.0,Kris Murray,24.0,POR,SF,9.0,0.0,14.2,1.4,3.4,0.419,0.7,1.6,0.429,0.8,1.9,0.412,0.516,0.7,1.7,0.4,1.0,1.6,2.6,0.8,0.4,0.1,0.7,0.9,4.2,
296.0,Max Christie,21.0,LAL,SG,8.0,0.0,16.0,1.1,3.6,0.31,0.5,1.9,0.267,0.6,1.8,0.357,0.379,1.4,1.5,0.917,0.6,1.5,2.1,1.3,0.5,0.3,0.8,1.6,4.1,
297.0,Pat Connaughton,32.0,MIL,SG,8.0,0.0,16.9,1.4,4.1,0.333,0.8,2.8,0.273,0.6,1.4,0.455,0.424,0.6,0.8,0.833,0.5,2.4,2.9,1.8,0.3,0.1,0.6,1.4,4.1,
298.0,Jaden Hardy,22.0,DAL,SG,7.0,0.0,10.9,1.4,4.0,0.357,1.0,2.7,0.368,0.4,1.3,0.333,0.482,0.3,0.3,1.0,0.3,0.6,0.9,0.9,0.1,0.1,1.3,1.3,4.1,
299.0,Gary Harris,30.0,ORL,SG,8.0,0.0,17.0,1.5,4.4,0.343,1.1,3.3,0.346,0.4,1.1,0.333,0.471,0.0,0.0,,0.4,1.1,1.5,0.4,0.1,0.5,0.5,0.4,4.1,
300.0,Keon Johnson,22.0,BRK,SG,7.0,0.0,11.0,1.6,3.6,0.44,0.6,1.7,0.333,1.0,1.9,0.538,0.52,0.4,0.6,0.75,0.3,2.3,2.6,0.7,0.4,0.3,0.4,1.9,4.1,
301.0,DeAndre Jordan,36.0,DEN,C,2.0,0.0,10.0,2.0,4.0,0.5,0.0,0.0,,2.0,4.0,0.5,0.5,0.0,1.0,0.0,3.5,3.0,6.5,1.0,0.0,0.5,2.5,1.5,4.0,
302.0,Tyler Kolek,23.0,NYK,PG,5.0,0.0,5.8,1.2,1.6,0.75,0.8,0.8,1.0,0.4,0.8,0.5,1.0,0.8,0.8,1.0,0.0,0.2,0.2,0.2,0.2,0.0,0.8,0.2,4.0,
303.0,Jared Rhoden,25.0,CHO,SG,1.0,0.0,7.0,2.0,4.0,0.5,0.0,1.0,0.0,2.0,3.0,0.667,0.5,0.0,0.0,,1.0,1.0,2.0,2.0,1.0,0.0,0.0,0.0,4.0,
304.0,Ajay Mitchell,22.0,OKC,SG,8.0,0.0,13.1,1.6,3.4,0.481,0.5,0.9,0.571,1.1,2.5,0.45,0.556,0.1,0.3,0.5,0.3,1.3,1.5,1.4,0.6,0.1,0.8,1.6,3.9,
305.0,Isaiah Stewart,23.0,DET,C,9.0,0.0,20.2,1.3,3.0,0.444,0.0,0.4,0.0,1.3,2.6,0.522,0.444,1.2,1.4,0.846,2.4,4.3,6.8,2.3,0.6,1.3,1.3,3.4,3.9,
306.0,Nicolas Batum,36.0,LAC,SF,8.0,0.0,19.4,1.3,3.8,0.333,0.8,2.6,0.286,0.5,1.1,0.444,0.433,0.5,0.8,0.667,0.6,2.1,2.8,2.3,0.8,0.8,0.4,1.9,3.8,
307.0,Donovan Clingan,20.0,POR,C,9.0,0.0,13.0,1.4,2.8,0.52,0.1,0.3,0.333,1.3,2.4,0.545,0.54,0.8,1.1,0.7,2.3,2.9,5.2,0.2,0.3,1.7,0.9,2.7,3.8,
308.0,Drew Eubanks,27.0,UTA,C,6.0,0.0,14.0,1.3,2.7,0.5,0.2,0.5,0.333,1.2,2.2,0.538,0.531,1.0,1.2,0.857,1.5,2.7,4.2,1.3,0.2,0.7,1.0,1.2,3.8,
309.0,Daniel Theis,32.0,NOP,C,9.0,5.0,15.1,1.4,3.3,0.433,0.2,1.1,0.2,1.2,2.2,0.55,0.467,0.7,0.9,0.75,0.7,3.1,3.8,1.4,0.3,0.8,0.9,1.4,3.8,
310.0,Dalen Terry,22.0,CHI,SG,9.0,0.0,12.7,1.3,3.0,0.444,0.1,0.8,0.143,1.2,2.2,0.55,0.463,0.8,1.2,0.636,0.8,1.0,1.8,1.0,0.6,0.4,0.9,1.4,3.6,
311.0,Jabari Walker,22.0,POR,SF,8.0,0.0,9.8,1.3,3.0,0.417,0.3,1.0,0.25,1.0,2.0,0.5,0.458,0.9,1.0,0.875,1.0,1.8,2.8,0.4,0.1,0.1,0.4,1.1,3.6,
312.0,Quentin Grimes,24.0,DAL,SG,8.0,0.0,12.4,1.3,3.4,0.37,0.6,1.9,0.333,0.6,1.5,0.417,0.463,0.4,0.6,0.6,0.3,1.9,2.1,0.4,0.5,0.1,0.4,1.6,3.5,
313.0,Trey Lyles,29.0,SAC,PF,8.0,0.0,15.5,1.1,4.1,0.273,0.8,3.1,0.24,0.4,1.0,0.375,0.364,0.5,0.5,1.0,0.5,2.4,2.9,0.8,0.6,0.6,0.5,1.6,3.5,
314.0,Monte Morris,29.0,PHO,PG,6.0,0.0,9.3,1.0,2.8,0.353,0.5,1.7,0.3,0.5,1.2,0.429,0.441,1.0,1.3,0.75,0.3,0.8,1.2,1.5,0.5,0.2,0.2,0.2,3.5,
315.0,Nick Smith Jr.,20.0,CHO,SG,2.0,0.0,9.0,1.5,4.0,0.375,0.5,2.0,0.25,1.0,2.0,0.5,0.438,0.0,0.0,,0.0,0.5,0.5,0.0,0.5,0.0,0.5,0.5,3.5,
316.0,Johnny Davis,22.0,WAS,SG,5.0,0.0,8.4,1.6,2.4,0.667,0.0,0.2,0.0,1.6,2.2,0.727,0.667,0.2,0.4,0.5,0.4,1.2,1.6,0.4,0.2,0.0,0.2,1.2,3.4,
317.0,Patty Mills,36.0,UTA,PG,8.0,0.0,15.4,1.1,3.5,0.321,0.8,2.8,0.273,0.4,0.8,0.5,0.429,0.4,0.4,1.0,0.1,0.8,0.9,1.6,0.8,0.3,0.8,0.9,3.4,
318.0,Reed Sheppard,20.0,HOU,SG,8.0,0.0,10.6,1.4,3.5,0.393,0.6,1.8,0.357,0.8,1.8,0.429,0.482,0.0,0.0,,0.3,0.8,1.0,1.4,0.1,0.1,0.8,0.9,3.4,
319.0,Steven Adams,31.0,HOU,C,3.0,0.0,12.3,1.3,2.3,0.571,0.0,0.0,,1.3,2.3,0.571,0.571,0.7,1.7,0.4,1.7,1.3,3.0,2.0,0.3,0.0,0.7,2.0,3.3,
320.0,Chris Duarte,27.0,CHI,SG,4.0,0.0,4.0,0.8,1.3,0.6,0.8,1.3,0.6,0.0,0.0,,0.9,1.0,1.5,0.667,0.0,0.5,0.5,0.5,0.0,0.0,0.0,0.0,3.3,
321.0,Andre Jackson Jr.,23.0,MIL,SG,7.0,1.0,14.4,1.3,2.7,0.474,0.6,1.4,0.4,0.7,1.3,0.556,0.579,0.1,0.6,0.25,0.4,2.3,2.7,1.6,1.1,0.3,1.1,2.4,3.3,
322.0,Tidjane SalaÃ¼n,19.0,CHO,PF,6.0,0.0,15.7,1.2,3.8,0.304,0.8,3.0,0.278,0.3,0.8,0.4,0.413,0.2,0.3,0.5,0.3,2.0,2.3,0.8,0.5,0.0,0.5,0.7,3.3,
323.0,Ricky Council IV,23.0,PHI,SG,5.0,0.0,7.4,1.0,2.0,0.5,0.4,1.0,0.4,0.6,1.0,0.6,0.6,0.8,0.8,1.0,0.0,0.6,0.6,0.6,0.0,0.0,0.4,0.4,3.2,
324.0,Gabe Vincent,28.0,LAL,PG,8.0,0.0,18.5,1.3,4.4,0.286,0.5,2.8,0.182,0.8,1.6,0.462,0.343,0.1,0.3,0.5,0.3,0.8,1.0,0.6,0.6,0.0,0.8,1.4,3.1,
325.0,David Duke Jr.,25.0,SAS,SG,1.0,0.0,8.0,1.0,4.0,0.25,0.0,1.0,0.0,1.0,3.0,0.333,0.25,1.0,2.0,0.5,0.0,0.0,0.0,2.0,0.0,0.0,0.0,1.0,3.0,
326.0,Collin Gillespie,25.0,PHO,PG,1.0,0.0,3.0,1.0,2.0,0.5,1.0,1.0,1.0,0.0,1.0,0.0,0.75,0.0,0.0,,0.0,0.0,0.0,0.0,0.0,0.0,0.0,0.0,3.0,
327.0,Tre Jones,25.0,SAS,PG,1.0,0.0,16.0,0.0,2.0,0.0,0.0,0.0,,0.0,2.0,0.0,0.0,3.0,4.0,0.75,1.0,0.0,1.0,3.0,1.0,0.0,0.0,0.0,3.0,
328.0,Stanley Umude,25.0,MIL,SG,1.0,0.0,3.0,1.0,1.0,1.0,1.0,1.0,1.0,0.0,0.0,,1.5,0.0,0.0,,0.0,0.0,0.0,0.0,0.0,0.0,0.0,0.0,3.0,
329.0,Kel'el Ware,20.0,MIA,C,3.0,0.0,7.3,1.3,3.3,0.4,0.3,1.0,0.333,1.0,2.3,0.429,0.45,0.0,0.0,,0.0,2.0,2.0,0.0,0.7,0.3,0.7,1.0,3.0,
330.0,Jeenathan Williams,25.0,HOU,SG,1.0,0.0,2.0,1.0,1.0,1.0,1.0,1.0,1.0,0.0,0.0,,1.5,0.0,0.0,,0.0,2.0,2.0,0.0,0.0,0.0,0.0,0.0,3.0,
331.0,Moussa DiabatÃ©,23.0,CHO,PF,8.0,0.0,11.3,1.3,2.0,0.625,0.0,0.0,,1.3,2.0,0.625,0.625,0.4,1.0,0.375,1.8,2.8,4.5,0.4,0.1,0.3,0.6,1.1,2.9,
332.0,Zeke Nnaji,24.0,DEN,PF,4.0,0.0,7.5,1.3,2.3,0.556,0.0,0.8,0.0,1.3,1.5,0.833,0.556,0.3,0.5,0.5,0.5,0.3,0.8,0.5,0.0,0.5,0.0,0.8,2.8,
333.0,Cole Anthony,24.0,ORL,PG,7.0,0.0,11.6,1.0,4.0,0.25,0.3,1.9,0.154,0.7,2.1,0.333,0.286,0.4,1.0,0.429,0.3,1.9,2.1,2.4,0.9,0.1,1.4,1.4,2.7,
334.0,Bruno Fernando,26.0,TOR,C,6.0,0.0,7.3,1.0,2.5,0.4,0.0,0.0,,1.0,2.5,0.4,0.4,0.7,0.7,1.0,1.5,1.5,3.0,0.7,0.2,0.5,1.0,1.8,2.7,
335.0,Alex Caruso,30.0,OKC,PG,8.0,0.0,19.9,1.1,4.8,0.237,0.4,2.6,0.143,0.8,2.1,0.353,0.276,0.0,0.1,0.0,0.6,2.3,2.9,2.5,2.0,0.8,0.8,2.9,2.6,
336.0,Matas Buzelis,20.0,CHI,SF,8.0,0.0,9.0,0.9,3.0,0.292,0.4,1.4,0.273,0.5,1.6,0.308,0.354,0.4,0.5,0.75,0.6,1.4,2.0,0.4,0.6,0.4,0.5,0.8,2.5,
337.0,Jeff Green,38.0,HOU,PF,2.0,0.0,4.0,1.0,1.0,1.0,0.5,0.5,1.0,0.5,0.5,1.0,1.25,0.0,0.0,,0.0,0.5,0.5,0.5,0.5,0.0,0.0,0.5,2.5,
338.0,Bones Hyland,24.0,LAC,PG,2.0,0.0,4.0,1.0,2.5,0.4,0.5,1.0,0.5,0.5,1.5,0.333,0.5,0.0,0.0,,0.0,0.5,0.5,0.0,0.5,0.5,0.5,0.5,2.5,
339.0,Maxi Kleber,33.0,DAL,PF,2.0,0.0,15.5,1.0,2.5,0.4,0.5,1.0,0.5,0.5,1.5,0.333,0.5,0.0,0.0,,0.0,2.5,2.5,1.5,0.0,0.5,0.0,1.5,2.5,
340.0,Tristan Thompson,33.0,CLE,PF,4.0,0.0,5.8,1.3,1.5,0.833,0.0,0.0,,1.3,1.5,0.833,0.833,0.0,1.3,0.0,0.0,1.3,1.3,0.3,0.0,0.0,0.5,0.3,2.5,
341.0,Ja'Kobe Walter,20.0,TOR,SG,4.0,0.0,12.3,0.8,4.0,0.188,0.3,1.5,0.167,0.5,2.5,0.2,0.219,0.8,1.3,0.6,1.0,1.8,2.8,0.8,0.0,0.3,0.0,2.0,2.5,
342.0,Kai Jones,24.0,LAC,C,8.0,0.0,8.9,1.0,1.5,0.667,0.0,0.0,,1.0,1.5,0.667,0.667,0.4,0.6,0.6,1.1,0.9,2.0,0.4,0.0,0.8,0.4,0.9,2.4,
343.0,Doug McDermott,33.0,SAC,SF,5.0,1.0,5.8,0.6,1.8,0.333,0.6,1.6,0.375,0.0,0.2,0.0,0.5,0.6,1.0,0.6,0.0,0.4,0.4,0.0,0.0,0.0,0.0,0.8,2.4,
344.0,Vasilije MiciÄ,31.0,CHO,PG,3.0,0.0,15.0,1.0,6.0,0.167,0.3,2.3,0.143,0.7,3.7,0.182,0.194,0.0,0.0,,1.7,2.0,3.7,1.0,0.3,0.0,1.3,0.7,2.3,
345.0,Hunter Tyson,24.0,DEN,PF,5.0,0.0,13.2,0.8,2.0,0.4,0.0,1.0,0.0,0.8,1.0,0.8,0.4,0.6,0.6,1.0,0.2,2.0,2.2,0.8,0.4,0.2,0.4,1.8,2.2,
346.0,Xavier Tillman Sr.,26.0,BOS,PF,7.0,0.0,12.3,0.9,2.9,0.3,0.4,1.6,0.273,0.4,1.3,0.333,0.375,0.0,0.0,,0.9,2.0,2.9,0.9,0.4,0.0,0.4,0.9,2.1,
347.0,Delon Wright,32.0,MIL,PG,7.0,0.0,13.0,0.9,2.0,0.429,0.4,1.0,0.429,0.4,1.0,0.429,0.536,0.0,0.0,,0.0,0.6,0.6,0.9,0.3,0.3,0.4,0.9,2.1,
348.0,Ulrich Chomche,19.0,TOR,PF,1.0,0.0,5.0,1.0,1.0,1.0,0.0,0.0,,1.0,1.0,1.0,1.0,0.0,0.0,,0.0,1.0,1.0,0.0,0.0,0.0,0.0,0.0,2.0,
349.0,Enrique Freeman,24.0,IND,PF,2.0,0.0,8.0,0.5,0.5,1.0,0.0,0.0,,0.5,0.5,1.0,1.0,1.0,1.0,1.0,0.5,0.0,0.5,0.0,0.0,0.5,0.5,1.0,2.0,
350.0,Aaron Holiday,28.0,HOU,PG,3.0,0.0,8.3,0.7,2.0,0.333,0.7,1.7,0.4,0.0,0.3,0.0,0.5,0.0,0.0,,0.0,0.3,0.3,1.7,0.3,0.0,0.3,0.0,2.0,
351.0,Quenton Jackson,26.0,IND,PG,1.0,0.0,4.0,0.0,1.0,0.0,0.0,1.0,0.0,0.0,0.0,,0.0,2.0,2.0,1.0,1.0,0.0,1.0,2.0,1.0,0.0,0.0,1.0,2.0,
352.0,James Johnson,37.0,IND,PF,1.0,0.0,4.0,1.0,1.0,1.0,0.0,0.0,,1.0,1.0,1.0,1.0,0.0,0.0,,0.0,0.0,0.0,1.0,0.0,1.0,1.0,0.0,2.0,
353.0,Christian Koloko,24.0,LAL,C,1.0,0.0,13.0,1.0,2.0,0.5,0.0,0.0,,1.0,2.0,0.5,0.5,0.0,0.0,,1.0,1.0,2.0,0.0,0.0,1.0,0.0,1.0,2.0,
354.0,Damion Lee,32.0,PHO,SG,1.0,0.0,18.0,1.0,3.0,0.333,0.0,2.0,0.0,1.0,1.0,1.0,0.333,0.0,0.0,,0.0,3.0,3.0,2.0,0.0,0.0,1.0,1.0,2.0,
355.0,Alex Reese,25.0,OKC,PF,1.0,0.0,2.0,1.0,1.0,1.0,0.0,0.0,,1.0,1.0,1.0,1.0,0.0,0.0,,1.0,0.0,1.0,0.0,0.0,0.0,0.0,0.0,2.0,
356.0,Adama Sanogo,22.0,CHI,C,2.0,0.0,4.5,1.0,2.0,0.5,0.0,0.0,,1.0,2.0,0.5,0.5,0.0,0.0,,0.5,0.0,0.5,0.5,0.0,0.0,0.0,0.5,2.0,
357.0,KJ Simpson,22.0,CHO,PG,1.0,0.0,7.0,1.0,2.0,0.5,0.0,1.0,0.0,1.0,1.0,1.0,0.5,0.0,0.0,,2.0,1.0,3.0,1.0,0.0,0.0,0.0,0.0,2.0,
358.0,Luke Travers,23.0,CLE,SG,2.0,0.0,3.5,0.5,0.5,1.0,0.0,0.0,,0.5,0.5,1.0,1.0,1.0,1.0,1.0,0.5,1.0,1.5,1.0,0.0,0.5,0.0,1.5,2.0,
359.0,MarJon Beauchamp,24.0,MIL,SF,6.0,0.0,2.8,0.7,1.8,0.364,0.2,1.0,0.167,0.5,0.8,0.6,0.409,0.3,0.3,1.0,0.2,0.5,0.7,0.0,0.2,0.0,0.8,0.5,1.8,
360.0,Cory Joseph,33.0,ORL,PG,5.0,0.0,4.6,0.6,1.6,0.375,0.6,1.2,0.5,0.0,0.4,0.0,0.563,0.0,0.0,,0.4,0.2,0.6,0.6,0.0,0.2,0.2,0.2,1.8,
361.0,Jaylon Tyson,22.0,CLE,SG,4.0,0.0,5.3,0.5,1.0,0.5,0.5,0.5,1.0,0.0,0.5,0.0,0.75,0.3,0.5,0.5,0.0,1.0,1.0,0.5,0.0,0.0,0.8,1.8,1.8,
362.0,Jevon Carter,29.0,CHI,PG,3.0,0.0,4.3,0.7,1.0,0.667,0.3,0.7,0.5,0.3,0.3,1.0,0.833,0.0,0.0,,0.3,0.3,0.7,0.7,0.3,0.0,0.0,0.0,1.7,
363.0,Pacome Dadiet,19.0,NYK,SG,3.0,0.0,7.7,0.7,1.7,0.4,0.3,0.7,0.5,0.3,1.0,0.333,0.5,0.0,0.0,,0.0,1.0,1.0,0.0,0.0,0.0,0.3,0.7,1.7,
364.0,Josh Minott,22.0,MIN,SF,3.0,0.0,7.7,0.7,1.3,0.5,0.0,0.7,0.0,0.7,0.7,1.0,0.5,0.3,0.7,0.5,0.0,1.3,1.3,0.0,0.0,0.3,1.0,1.3,1.7,
365.0,Ryan Rollins,22.0,MIL,PG,6.0,0.0,3.5,0.5,0.8,0.6,0.2,0.3,0.5,0.3,0.5,0.667,0.7,0.5,0.7,0.75,0.2,0.5,0.7,0.5,0.2,0.2,0.2,0.7,1.7,
366.0,Caleb Houstan,22.0,ORL,SF,5.0,0.0,6.0,0.6,2.0,0.3,0.4,1.4,0.286,0.2,0.6,0.333,0.4,0.0,0.0,,0.2,0.6,0.8,0.0,0.0,0.0,0.0,1.0,1.6,
367.0,Shake Milton,28.0,BRK,SG,7.0,0.0,8.0,0.4,1.4,0.3,0.4,1.3,0.333,0.0,0.1,0.0,0.45,0.3,0.3,1.0,0.3,0.7,1.0,0.7,0.1,0.0,0.1,0.7,1.6,
368.0,Dwight Powell,33.0,DAL,C,7.0,0.0,6.4,0.4,0.4,1.0,0.0,0.0,,0.4,0.4,1.0,1.0,0.7,1.1,0.625,0.6,0.9,1.4,0.4,0.3,0.4,0.4,1.1,1.6,
369.0,Adam Flagler,25.0,OKC,SG,4.0,0.0,1.8,0.5,0.5,1.0,0.5,0.5,1.0,0.0,0.0,,1.5,0.0,0.0,,0.0,0.3,0.3,0.0,0.3,0.0,0.0,0.5,1.5,
370.0,Jazian Gortman,21.0,DAL,PG,2.0,0.0,2.5,0.5,0.5,1.0,0.5,0.5,1.0,0.0,0.0,,1.5,0.0,0.0,,0.0,0.0,0.0,0.0,0.0,0.0,0.5,0.0,1.5,
371.0,Jaylen Martin,21.0,BRK,SF,2.0,0.0,1.5,0.5,0.5,1.0,0.5,0.5,1.0,0.0,0.0,,1.5,0.0,0.0,,0.0,0.0,0.0,0.0,0.0,0.0,0.0,0.5,1.5,
372.0,Craig Porter Jr.,24.0,CLE,PG,6.0,0.0,4.8,0.7,1.3,0.5,0.2,0.5,0.333,0.5,0.8,0.6,0.563,0.0,0.0,,0.0,0.7,0.7,0.7,0.0,0.7,0.3,0.2,1.5,
373.0,Liam Robbins,25.0,MIL,C,2.0,0.0,4.0,0.5,0.5,1.0,0.0,0.0,,0.5,0.5,1.0,1.0,0.5,2.0,0.25,0.0,0.0,0.0,0.0,0.0,0.0,0.0,1.0,1.5,
374.0,Dillon Jones,23.0,OKC,SF,7.0,0.0,5.0,0.6,1.6,0.364,0.1,0.9,0.167,0.4,0.7,0.6,0.409,0.1,0.3,0.5,0.3,0.7,1.0,0.4,0.1,0.0,0.3,1.0,1.4,
375.0,Rob Dillingham,20.0,MIN,PG,3.0,0.0,4.3,0.7,1.3,0.5,0.0,0.0,,0.7,1.3,0.5,0.5,0.0,0.0,,0.0,0.0,0.0,1.7,0.0,0.0,0.3,0.0,1.3,
376.0,PJ Dozier,28.0,MIN,SG,3.0,0.0,3.7,0.3,0.7,0.5,0.3,0.7,0.5,0.0,0.0,,0.75,0.3,0.7,0.5,0.0,0.3,0.3,0.0,0.3,0.0,0.0,0.3,1.3,
377.0,Trey Jemison,25.0,NOP,C,3.0,0.0,2.3,0.7,1.7,0.4,0.0,0.0,,0.7,1.7,0.4,0.4,0.0,0.0,,1.3,0.7,2.0,0.3,0.0,0.0,0.0,0.0,1.3,
378.0,Alex Len,31.0,SAC,C,6.0,0.0,8.7,0.5,1.2,0.429,0.0,0.3,0.0,0.5,0.8,0.6,0.429,0.3,0.7,0.5,0.0,2.7,2.7,1.0,0.3,1.2,0.8,1.0,1.3,
379.0,Baylor Scheierman,24.0,BOS,SG,3.0,0.0,6.0,0.3,2.0,0.167,0.0,1.3,0.0,0.3,0.7,0.5,0.167,0.7,0.7,1.0,0.3,1.0,1.3,0.0,0.0,0.0,0.0,0.7,1.3,
380.0,Terrence Shannon Jr.,24.0,MIN,SG,3.0,0.0,3.7,0.7,1.0,0.667,0.0,0.3,0.0,0.7,0.7,1.0,0.667,0.0,0.0,,0.0,0.0,0.0,0.0,0.3,0.0,0.3,0.0,1.3,
381.0,Pat Spencer,28.0,GSW,PG,3.0,0.0,1.7,0.7,1.0,0.667,0.0,0.0,,0.7,1.0,0.667,0.667,0.0,0.0,,0.0,0.0,0.0,0.3,0.0,0.0,0.0,0.0,1.3,
382.0,Jordan Walsh,20.0,BOS,SF,8.0,0.0,10.5,0.5,1.9,0.267,0.3,1.5,0.167,0.3,0.4,0.667,0.333,0.0,0.1,0.0,0.3,1.0,1.3,0.1,0.4,0.3,0.3,0.5,1.3,
383.0,Brandon Williams,25.0,DAL,PG,3.0,0.0,4.3,0.3,1.7,0.2,0.0,0.7,0.0,0.3,1.0,0.333,0.2,0.7,1.0,0.667,0.3,0.7,1.0,0.7,0.0,0.0,0.3,0.7,1.3,
384.0,Charles Bassey,24.0,SAS,C,5.0,0.0,3.2,0.4,0.4,1.0,0.0,0.0,,0.4,0.4,1.0,1.0,0.4,0.4,1.0,0.0,1.4,1.4,0.2,0.2,0.2,0.4,0.0,1.2,
385.0,Olivier-Maxence Prosper,22.0,DAL,PF,5.0,0.0,6.4,0.6,2.0,0.3,0.0,0.4,0.0,0.6,1.6,0.375,0.3,0.0,0.0,,0.6,0.0,0.6,0.0,0.0,0.0,0.2,1.0,1.2,
386.0,Duop Reath,28.0,POR,C,5.0,0.0,3.2,0.4,1.2,0.333,0.4,0.8,0.5,0.0,0.4,0.0,0.5,0.0,0.0,,0.2,0.2,0.4,0.4,0.0,0.2,0.2,0.0,1.2,
387.0,Tyler Smith,20.0,MIL,PF,6.0,0.0,3.0,0.5,1.0,0.5,0.2,0.7,0.25,0.3,0.3,1.0,0.583,0.0,0.0,,0.2,0.3,0.5,0.0,0.0,0.0,0.2,0.5,1.2,
388.0,Jericho Sims,26.0,NYK,C,7.0,0.0,13.4,0.6,0.9,0.667,0.0,0.0,,0.6,0.9,0.667,0.667,0.0,0.3,0.0,1.3,2.6,3.9,0.3,0.1,0.4,0.6,1.6,1.1,
389.0,Trey Alexander,21.0,DEN,SG,2.0,0.0,3.0,0.5,1.5,0.333,0.0,0.5,0.0,0.5,1.0,0.5,0.333,0.0,0.0,,0.0,0.5,0.5,0.0,0.0,0.0,0.0,0.0,1.0,
390.0,Reece Beekman,23.0,GSW,PG,2.0,0.0,2.0,0.5,0.5,1.0,0.0,0.0,,0.5,0.5,1.0,1.0,0.0,0.0,,0.5,0.0,0.5,0.5,0.5,0.0,0.0,0.5,1.0,
391.0,Kobe Brown,25.0,LAC,PF,2.0,0.0,4.0,0.5,0.5,1.0,0.0,0.0,,0.5,0.5,1.0,1.0,0.0,0.0,,0.0,0.5,0.5,0.5,0.0,0.0,0.0,0.0,1.0,
392.0,Sidy Cissoko,20.0,SAS,SF,5.0,0.0,2.6,0.4,0.6,0.667,0.2,0.2,1.0,0.2,0.4,0.5,0.833,0.0,0.0,,0.2,0.6,0.8,0.8,0.0,0.0,0.2,0.6,1.0,
393.0,JD Davison,22.0,BOS,PG,3.0,0.0,4.7,0.3,1.3,0.25,0.0,0.7,0.0,0.3,0.7,0.5,0.25,0.3,0.7,0.5,0.0,0.3,0.3,0.3,0.3,0.0,1.3,0.3,1.0,
394.0,Mouhamed Gueye,22.0,ATL,PF,2.0,0.0,5.5,0.5,2.0,0.25,0.0,1.0,0.0,0.5,1.0,0.5,0.25,0.0,0.0,,0.0,1.0,1.0,0.0,0.0,0.0,0.5,0.0,1.0,
395.0,Oso Ighodaro,22.0,PHO,PF,4.0,0.0,7.5,0.5,0.8,0.667,0.0,0.0,,0.5,0.8,0.667,0.667,0.0,0.0,,0.8,1.5,2.3,0.0,0.0,0.3,0.5,1.5,1.0,
396.0,Reggie Jackson,34.0,PHI,PG,3.0,0.0,6.3,0.3,2.3,0.143,0.3,1.3,0.25,0.0,1.0,0.0,0.214,0.0,0.0,,0.0,0.0,0.0,1.7,0.3,0.0,0.7,0.0,1.0,
397.0,Bronny James,20.0,LAL,SG,4.0,0.0,3.3,0.3,1.5,0.167,0.0,1.0,0.0,0.3,0.5,0.5,0.167,0.5,0.5,1.0,0.3,0.0,0.3,0.5,0.3,0.0,0.0,0.3,1.0,
398.0,Karlo MatkoviÄ,23.0,NOP,PF,2.0,0.0,2.5,0.5,0.5,1.0,0.0,0.0,,0.5,0.5,1.0,1.0,0.0,0.0,,1.5,0.5,2.0,0.0,0.0,0.5,1.0,0.5,1.0,
399.0,Dario Å ariÄ,30.0,DEN,PF,5.0,0.0,8.8,0.4,2.4,0.167,0.0,0.6,0.0,0.4,1.8,0.222,0.167,0.2,0.4,0.5,0.8,0.8,1.6,0.2,0.2,0.0,0.4,0.6,1.0,
400.0,Marcus Sasser,24.0,DET,PG,4.0,0.0,6.3,0.5,0.8,0.667,0.0,0.3,0.0,0.5,0.5,1.0,0.667,0.0,0.0,,0.3,0.3,0.5,0.8,0.3,0.0,0.3,0.3,1.0,
401.0,Dru Smith,27.0,MIA,SG,4.0,0.0,7.0,0.5,1.5,0.333,0.0,0.3,0.0,0.5,1.3,0.4,0.333,0.0,0.0,,0.5,1.3,1.8,0.5,0.0,1.0,0.5,0.8,1.0,
402.0,Jae'Sean Tate,29.0,HOU,SF,2.0,0.0,3.5,0.5,1.0,0.5,0.0,0.0,,0.5,1.0,0.5,0.5,0.0,0.5,0.0,0.0,1.0,1.0,1.0,0.0,0.0,0.0,0.5,1.0,
403.0,Garrett Temple,38.0,TOR,SG,2.0,0.0,4.5,0.5,1.0,0.5,0.0,0.5,0.0,0.5,0.5,1.0,0.5,0.0,0.0,,0.0,0.0,0.0,1.0,0.5,0.0,0.0,1.0,1.0,
404.0,Adem Bona,21.0,PHI,PF,5.0,0.0,2.4,0.4,0.4,1.0,0.0,0.0,,0.4,0.4,1.0,1.0,0.0,0.0,,0.4,0.0,0.4,0.0,0.0,0.2,0.2,0.4,0.8,
405.0,D.J. Carton,24.0,TOR,SG,4.0,0.0,8.3,0.3,1.8,0.143,0.0,0.8,0.0,0.3,1.0,0.25,0.143,0.3,0.3,1.0,0.0,1.0,1.0,0.8,0.5,0.0,1.0,0.3,0.8,
406.0,Antonio Reeves,24.0,NOP,SG,4.0,0.0,2.5,0.3,2.0,0.125,0.3,1.5,0.167,0.0,0.5,0.0,0.188,0.0,0.0,,0.0,0.5,0.5,0.0,0.0,0.0,0.3,0.0,0.8,
407.0,Gui Santos,22.0,GSW,PF,4.0,0.0,3.8,0.3,0.5,0.5,0.0,0.3,0.0,0.3,0.3,1.0,0.5,0.3,0.5,0.5,0.0,1.0,1.0,0.5,0.0,0.0,0.5,0.8,0.8,
408.0,Jaden Springer,22.0,BOS,PG,4.0,0.0,4.0,0.3,1.3,0.2,0.0,0.5,0.0,0.3,0.8,0.333,0.2,0.3,0.5,0.5,0.5,0.5,1.0,0.3,0.5,0.0,0.3,0.3,0.8,
409.0,Luka Garza,26.0,MIN,PF,3.0,0.0,4.0,0.3,1.7,0.2,0.0,0.3,0.0,0.3,1.3,0.25,0.2,0.0,0.0,,0.3,1.3,1.7,0.0,0.0,0.0,0.7,0.3,0.7,
410.0,AJ Johnson,20.0,MIL,SG,3.0,0.0,2.0,0.3,1.0,0.333,0.0,0.0,,0.3,1.0,0.333,0.333,0.0,0.0,,0.0,0.3,0.3,0.0,0.0,0.0,0.0,0.0,0.7,
411.0,Wendell Moore Jr.,23.0,DET,SG,3.0,0.0,2.7,0.3,0.3,1.0,0.0,0.0,,0.3,0.3,1.0,1.0,0.0,0.0,,0.0,0.3,0.3,0.3,0.0,0.0,0.3,0.0,0.7,
412.0,Jacob Toppin,24.0,NYK,SF,3.0,0.0,3.3,0.3,0.7,0.5,0.0,0.3,0.0,0.3,0.3,1.0,0.5,0.0,0.0,,0.0,0.3,0.3,0.3,0.0,0.0,0.0,0.0,0.7,
413.0,Dominick Barlow,21.0,ATL,SF,2.0,0.0,5.5,0.0,0.5,0.0,0.0,0.0,,0.0,0.5,0.0,0.0,0.5,1.0,0.5,0.0,0.0,0.0,0.0,0.0,0.0,0.0,0.5,0.5,
414.0,Yongxi Cui,21.0,BRK,SG,2.0,0.0,1.5,0.0,0.0,,0.0,0.0,,0.0,0.0,,,0.5,1.0,0.5,0.0,0.0,0.0,0.0,0.0,0.0,0.0,0.0,0.5,
415.0,Anthony Gill,32.0,WAS,PF,4.0,0.0,2.3,0.3,0.8,0.333,0.0,0.3,0.0,0.3,0.5,0.5,0.333,0.0,0.0,,0.0,0.0,0.0,0.5,0.3,0.0,0.3,0.3,0.5,
416.0,Jordan McLaughlin,28.0,SAC,PG,6.0,0.0,5.5,0.2,1.0,0.167,0.2,0.7,0.25,0.0,0.3,0.0,0.25,0.0,0.0,,0.0,0.5,0.5,0.5,0.5,0.0,0.5,0.7,0.5,
417.0,Jordan Miller,25.0,LAC,SF,2.0,0.0,4.0,0.0,0.5,0.0,0.0,0.5,0.0,0.0,0.0,,0.0,0.5,1.0,0.5,0.0,0.0,0.0,0.0,0.0,0.0,1.0,0.0,0.5,
418.0,Yuki Kawamura,23.0,MEM,PG,6.0,0.0,2.2,0.0,0.8,0.0,0.0,0.7,0.0,0.0,0.2,0.0,0.0,0.3,0.3,1.0,0.0,0.0,0.0,0.2,0.0,0.0,0.3,0.0,0.3,
419.0,Malevy Leons,25.0,OKC,SF,3.0,0.0,3.3,0.0,0.7,0.0,0.0,0.3,0.0,0.0,0.3,0.0,0.0,0.3,0.7,0.5,0.3,0.3,0.7,0.3,0.0,0.0,0.3,1.0,0.3,
420.0,Vlatko ÄanÄar,27.0,DEN,PF,1.0,0.0,2.0,0.0,0.0,,0.0,0.0,,0.0,0.0,,,0.0,0.0,,0.0,1.0,1.0,0.0,0.0,0.0,0.0,0.0,0.0,
421.0,Colin Castleton,24.0,MEM,C,3.0,0.0,1.3,0.0,0.0,,0.0,0.0,,0.0,0.0,,,0.0,0.0,,0.0,0.0,0.0,0.0,0.0,0.3,0.0,0.7,0.0,
422.0,Justin Champagnie,23.0,WAS,SF,1.0,0.0,4.0,0.0,0.0,,0.0,0.0,,0.0,0.0,,,0.0,0.0,,1.0,1.0,2.0,1.0,0.0,0.0,0.0,3.0,0.0,
423.0,Isaiah Collier,20.0,UTA,PG,1.0,0.0,4.0,0.0,1.0,0.0,0.0,0.0,,0.0,1.0,0.0,0.0,0.0,0.0,,0.0,0.0,0.0,1.0,0.0,0.0,1.0,0.0,0.0,
424.0,Torrey Craig,34.0,CHI,SF,2.0,0.0,3.0,0.0,0.5,0.0,0.0,0.5,0.0,0.0,0.0,,0.0,0.0,0.0,,0.0,1.0,1.0,0.0,0.0,0.0,0.0,1.0,0.0,
425.0,Jeff Dowtin,27.0,PHI,PG,2.0,0.0,2.0,0.0,0.5,0.0,0.0,0.0,,0.0,0.5,0.0,0.0,0.0,0.0,,0.0,0.0,0.0,0.0,0.0,0.0,0.0,0.0,0.0,
426.0,Alex Ducas,24.0,OKC,SG,4.0,0.0,1.8,0.0,0.8,0.0,0.0,0.5,0.0,0.0,0.3,0.0,0.0,0.0,0.0,,0.0,0.0,0.0,0.0,0.0,0.0,0.0,0.0,0.0,
427.0,Kessler Edwards,24.0,DAL,SF,2.0,0.0,3.0,0.0,0.5,0.0,0.0,0.5,0.0,0.0,0.0,,0.0,0.0,0.0,,0.0,0.0,0.0,0.0,0.0,0.0,0.0,1.0,0.0,
428.0,Johnny Furphy,20.0,IND,SG,1.0,0.0,5.0,0.0,3.0,0.0,0.0,1.0,0.0,0.0,2.0,0.0,0.0,0.0,0.0,,0.0,0.0,0.0,0.0,0.0,0.0,0.0,0.0,0.0,
429.0,Richaun Holmes,31.0,WAS,PF,1.0,0.0,3.0,0.0,1.0,0.0,0.0,0.0,,0.0,1.0,0.0,0.0,0.0,0.0,,0.0,0.0,0.0,0.0,0.0,0.0,0.0,0.0,0.0,
430.0,Ariel Hukporti,22.0,NYK,C,4.0,0.0,7.3,0.0,0.3,0.0,0.0,0.0,,0.0,0.3,0.0,0.0,0.0,0.0,,0.0,1.8,1.8,0.0,0.0,1.0,0.8,1.0,0.0,
431.0,Joe Ingles,37.0,MIN,SF,5.0,0.0,5.2,0.0,0.4,0.0,0.0,0.4,0.0,0.0,0.0,,0.0,0.0,0.0,,0.4,0.0,0.4,1.6,0.0,0.0,0.2,1.0,0.0,
432.0,Harrison Ingram,22.0,SAS,SF,1.0,0.0,7.0,0.0,1.0,0.0,0.0,0.0,,0.0,1.0,0.0,0.0,0.0,0.0,,0.0,1.0,1.0,0.0,0.0,0.0,0.0,1.0,0.0,
433.0,Daniss Jenkins,23.0,DET,PG,2.0,0.0,2.5,0.0,1.0,0.0,0.0,1.0,0.0,0.0,0.0,,0.0,0.0,0.0,,0.0,0.0,0.0,0.0,0.0,0.0,0.0,0.5,0.0,
434.0,Colby Jones,22.0,SAC,SG,4.0,0.0,2.0,0.0,0.0,,0.0,0.0,,0.0,0.0,,,0.0,0.0,,0.0,0.0,0.0,0.0,0.0,0.3,0.3,0.3,0.0,
435.0,Isaac Jones,24.0,SAC,PF,3.0,0.0,2.0,0.0,0.7,0.0,0.0,0.0,,0.0,0.7,0.0,0.0,0.0,0.0,,0.0,0.0,0.0,0.0,0.0,0.0,0.0,0.7,0.0,
436.0,Spencer Jones,23.0,DEN,SF,1.0,0.0,2.0,0.0,0.0,,0.0,0.0,,0.0,0.0,,,0.0,0.0,,0.0,1.0,1.0,0.0,1.0,0.0,0.0,0.0,0.0,
437.0,Tyrese Martin,25.0,BRK,SG,2.0,0.0,1.5,0.0,0.0,,0.0,0.0,,0.0,0.0,,,0.0,0.0,,0.0,0.5,0.5,0.0,0.0,0.0,0.0,0.0,0.0,
438.0,Mac McClung,26.0,ORL,SG,1.0,0.0,5.0,0.0,0.0,,0.0,0.0,,0.0,0.0,,,0.0,0.0,,0.0,1.0,1.0,2.0,0.0,0.0,0.0,0.0,0.0,
439.0,Jack McVeigh,28.0,HOU,PF,1.0,0.0,2.0,0.0,3.0,0.0,0.0,1.0,0.0,0.0,2.0,0.0,0.0,0.0,0.0,,0.0,0.0,0.0,0.0,0.0,0.0,0.0,0.0,0.0,
440.0,Dariq Whitehead,20.0,BRK,SF,1.0,0.0,2.0,0.0,0.0,,0.0,0.0,,0.0,0.0,,,0.0,0.0,,0.0,1.0,1.0,0.0,0.0,0.0,2.0,0.0,0.0,
441.0,Riley Minix,24.0,SAS,SF,1.0,0.0,7.0,0.0,1.0,0.0,0.0,1.0,0.0,0.0,0.0,,0.0,0.0,0.0,,0.0,2.0,2.0,0.0,0.0,0.0,0.0,0.0,0.0,
442.0,Markieff Morris,35.0,DAL,PF,1.0,0.0,5.0,0.0,1.0,0.0,0.0,0.0,,0.0,1.0,0.0,0.0,0.0,0.0,,0.0,2.0,2.0,2.0,0.0,0.0,0.0,0.0,0.0,
443.0,Drew Peterson,25.0,BOS,PF,2.0,0.0,3.0,0.0,0.5,0.0,0.0,0.5,0.0,0.0,0.0,,0.0,0.0,0.0,,0.0,0.5,0.5,0.0,0.5,1.0,0.5,0.0,0.0,
444.0,Jalen Pickett,25.0,DEN,SG,2.0,0.0,2.0,0.0,0.5,0.0,0.0,0.5,0.0,0.0,0.0,,0.0,0.0,0.0,,0.0,0.0,0.0,0.0,0.0,0.0,0.0,0.0,0.0,
445.0,Trevelin Queen,27.0,ORL,SG,1.0,0.0,3.0,0.0,0.0,,0.0,0.0,,0.0,0.0,,,0.0,0.0,,0.0,0.0,0.0,0.0,0.0,0.0,1.0,0.0,0.0,
446.0,Lester QuiÃ±ones,24.0,PHI,SG,1.0,0.0,3.0,0.0,1.0,0.0,0.0,1.0,0.0,0.0,0.0,,0.0,0.0,0.0,,1.0,0.0,1.0,1.0,0.0,0.0,0.0,0.0,0.0,
447.0,Josh Richardson,31.0,MIA,SG,2.0,0.0,18.5,0.0,4.0,0.0,0.0,2.5,0.0,0.0,1.5,0.0,0.0,0.0,0.0,,1.0,0.5,1.5,1.0,1.0,0.0,1.5,3.5,0.0,
,League Average,,,,,,,,,0.463,,,0.358,,,0.538,0.538,,,0.773,,,,,,,,,,
