Rk,Player,Age,Team,Pos,G,GS,MP,FG,FGA,FG%,3P,3PA,3P%,2P,2PA,2P%,eFG%,FT,FTA,FT%,ORB,DRB,TRB,AST,STL,BLK,TOV,PF,PTS,Awards,Year
1.0,Giannis Antetokounmpo,30.0,MIL,PF,11.0,11.0,35.5,13.3,21.5,0.616,0.2,0.8,0.222,13.1,20.7,0.632,0.62,6.5,10.7,0.61,2.3,9.8,12.1,5.5,0.5,1.4,2.8,3.2,33.3,,2025
2.0,Anthony Davis,31.0,LAL,C,10.0,10.0,34.8,10.3,18.4,0.56,0.8,2.0,0.4,9.5,16.4,0.579,0.582,8.8,11.0,0.8,2.1,8.7,10.8,2.8,1.2,2.1,2.3,1.6,30.2,,2025
3.0,Jayson Tatum,26.0,BOS,SF,13.0,13.0,36.1,9.4,20.1,0.467,4.2,11.0,0.378,5.2,9.1,0.576,0.571,7.2,8.9,0.81,0.5,7.2,7.6,5.6,1.5,0.6,2.9,2.6,30.2,,2025
4.0,LaMelo Ball,23.0,CHO,PG,11.0,11.0,33.5,10.5,23.4,0.447,4.9,13.1,0.375,5.5,10.3,0.54,0.553,4.1,4.8,0.849,1.0,4.0,5.0,6.3,1.4,0.3,4.5,4.0,29.9,,2025
5.0,Nikola Jokić,29.0,DEN,C,10.0,10.0,38.1,10.8,19.2,0.563,2.2,3.9,0.564,8.6,15.3,0.562,0.62,5.9,7.0,0.843,4.5,9.2,13.7,11.7,1.7,1.0,4.1,2.0,29.7,,2025
6.0,Paolo Banchero,22.0,ORL,SF,5.0,5.0,36.4,9.6,19.4,0.495,2.2,6.4,0.344,7.4,13.0,0.569,0.552,7.6,11.8,0.644,2.4,6.4,8.8,5.6,0.6,0.8,2.2,2.6,29.0,,2025
7.0,Luka Dončić,25.0,DAL,PG,11.0,11.0,37.9,9.9,23.6,0.419,3.2,9.9,0.321,6.7,13.7,0.49,0.487,5.5,7.0,0.792,0.5,7.6,8.1,7.9,1.5,0.4,3.3,3.2,28.5,,2025
8.0,Shai Gilgeous-Alexander,26.0,OKC,SG,12.0,12.0,33.2,9.8,19.6,0.498,1.8,5.7,0.309,8.0,13.9,0.575,0.543,6.7,7.5,0.889,0.8,4.8,5.5,6.3,1.8,1.2,2.8,1.7,27.9,,2025
9.0,Anthony Edwards,23.0,MIN,SG,12.0,12.0,36.6,9.8,21.1,0.462,4.8,11.4,0.423,4.9,9.7,0.509,0.577,3.4,4.7,0.732,0.4,4.8,5.2,3.8,1.3,0.6,3.3,2.0,27.8,,2025
10.0,Kevin Durant,36.0,PHO,SF,9.0,9.0,38.8,9.9,17.9,0.553,2.7,6.2,0.429,7.2,11.7,0.619,0.627,5.1,6.1,0.836,0.2,6.3,6.6,3.4,0.8,1.4,3.3,1.8,27.6,,2025
11.0,Tyrese Maxey,24.0,PHI,PG,7.0,7.0,39.7,9.6,23.6,0.406,3.1,11.0,0.286,6.4,12.6,0.511,0.473,5.3,6.4,0.822,0.0,3.0,3.0,3.9,1.4,0.6,2.0,2.9,27.6,,2025
12.0,Karl-Anthony Towns,29.0,NYK,C,11.0,11.0,33.9,9.5,17.8,0.536,2.7,5.4,0.508,6.8,12.5,0.547,0.612,4.6,5.6,0.823,3.0,9.2,12.2,2.7,0.8,0.8,2.0,3.4,26.5,,2025
13.0,Damian Lillard,34.0,MIL,PG,10.0,10.0,35.8,7.9,17.8,0.444,3.2,9.2,0.348,4.7,8.6,0.547,0.534,7.0,7.7,0.909,0.8,3.8,4.6,6.6,1.0,0.2,2.7,1.9,26.0,,2025
14.0,Jaylen Brown,28.0,BOS,SF,9.0,9.0,36.1,8.7,20.4,0.424,2.0,6.8,0.295,6.7,13.7,0.488,0.473,6.1,8.0,0.764,1.6,5.7,7.2,3.7,1.2,0.3,2.2,2.6,25.4,,2025
15.0,Kyrie Irving,32.0,DAL,PG,11.0,11.0,35.6,9.5,17.4,0.545,3.0,5.5,0.541,6.5,11.8,0.546,0.631,3.3,3.8,0.857,1.2,3.5,4.6,4.9,1.5,0.3,1.9,2.1,25.2,,2025
16.0,Tyler Herro,25.0,MIA,SG,10.0,10.0,33.5,8.7,17.1,0.509,4.6,9.6,0.479,4.1,7.5,0.547,0.643,2.9,3.5,0.829,0.2,5.0,5.2,5.3,0.7,0.2,2.6,2.5,24.9,,2025
17.0,Norman Powell,31.0,LAC,SG,12.0,12.0,34.3,8.6,17.0,0.505,4.0,8.1,0.495,4.6,8.9,0.514,0.623,3.8,4.5,0.833,0.3,3.1,3.4,2.6,1.3,0.3,2.3,2.3,24.9,,2025
18.0,De'Aaron Fox,27.0,SAC,PG,12.0,12.0,36.8,9.1,18.7,0.487,1.8,6.1,0.288,7.3,12.6,0.583,0.533,4.7,5.4,0.862,1.0,4.3,5.3,5.2,1.7,0.1,3.4,2.9,24.6,,2025
19.0,Jalen Brunson,28.0,NYK,PG,11.0,11.0,34.5,8.6,18.6,0.463,2.1,5.5,0.377,6.5,13.1,0.5,0.52,4.9,6.0,0.818,0.5,2.5,2.9,6.5,0.5,0.0,2.2,2.1,24.3,,2025
20.0,LeBron James,40.0,LAL,SF,11.0,11.0,35.0,8.8,16.8,0.524,2.5,5.5,0.459,6.3,11.3,0.556,0.6,4.1,5.2,0.789,0.5,7.6,8.1,9.4,0.6,0.5,3.1,1.5,24.3,,2025
21.0,Stephen Curry,36.0,GSW,PG,8.0,8.0,29.1,8.0,16.6,0.481,4.0,9.3,0.432,4.0,7.4,0.542,0.602,3.9,4.1,0.939,0.3,4.5,4.8,6.6,1.8,0.6,3.6,1.4,23.9,,2025
22.0,Trae Young,26.0,ATL,PG,11.0,11.0,36.5,7.3,18.6,0.39,3.1,9.3,0.333,4.2,9.4,0.447,0.473,6.3,7.1,0.885,1.0,3.2,4.2,11.5,1.3,0.2,4.5,1.9,23.9,,2025
23.0,Cade Cunningham,23.0,DET,PG,13.0,13.0,36.8,9.2,20.1,0.456,2.2,5.9,0.364,7.0,14.2,0.495,0.51,3.4,4.1,0.83,0.8,6.4,7.2,8.5,0.6,1.1,5.0,2.6,23.8,,2025
24.0,Cam Thomas,23.0,BRK,SG,12.0,12.0,33.9,7.8,18.0,0.435,2.7,7.3,0.364,5.2,10.7,0.484,0.509,5.5,6.1,0.904,0.3,3.0,3.3,3.1,0.8,0.0,2.8,2.2,23.8,,2025
25.0,Donovan Mitchell,28.0,CLE,SG,13.0,13.0,30.9,8.5,18.2,0.464,3.5,8.7,0.407,4.9,9.5,0.516,0.561,3.2,3.7,0.854,0.6,3.5,4.2,4.1,1.5,0.2,2.2,2.2,23.6,,2025
26.0,Zach LaVine,29.0,CHI,SG,9.0,9.0,34.7,8.6,15.8,0.542,3.2,7.6,0.426,5.3,8.2,0.649,0.644,3.1,4.2,0.737,0.3,5.0,5.3,3.8,0.9,0.4,3.7,1.3,23.4,,2025
27.0,Devin Booker,28.0,PHO,SG,12.0,12.0,36.5,7.7,17.7,0.434,2.7,7.8,0.34,5.0,9.8,0.508,0.509,5.3,6.2,0.865,1.3,2.4,3.7,6.8,1.2,0.4,1.8,1.8,23.3,,2025
28.0,DeMar DeRozan,35.0,SAC,SG,12.0,12.0,36.5,8.5,16.2,0.526,0.8,2.1,0.4,7.7,14.1,0.544,0.552,5.1,5.9,0.859,0.6,3.5,4.1,4.1,1.7,0.7,1.9,1.3,22.9,,2025
29.0,Zion Williamson,24.0,NOP,PF,6.0,6.0,31.0,7.8,17.3,0.452,0.3,1.0,0.333,7.5,16.3,0.459,0.462,6.7,10.0,0.667,2.7,5.3,8.0,5.3,0.7,1.2,3.7,3.0,22.7,,2025
30.0,Brandon Ingram,27.0,NOP,SF,12.0,12.0,33.0,9.0,19.2,0.47,2.4,6.8,0.354,6.6,12.3,0.534,0.533,2.1,2.3,0.893,1.2,4.8,5.9,5.1,0.8,0.5,3.7,2.7,22.5,,2025
31.0,Jaren Jackson Jr.,25.0,MEM,C,10.0,10.0,28.2,8.2,15.0,0.547,2.0,5.1,0.392,6.2,9.9,0.626,0.613,4.1,5.4,0.759,1.1,4.5,5.6,1.0,1.5,1.2,2.1,3.3,22.5,,2025
32.0,Victor Wembanyama,21.0,SAS,PF,12.0,12.0,31.3,8.0,17.0,0.471,2.8,8.3,0.343,5.2,8.8,0.59,0.554,3.4,3.9,0.872,2.1,8.1,10.2,2.7,1.3,3.8,3.4,2.0,22.3,,2025
33.0,Jordan Poole,25.0,WAS,SG,10.0,10.0,30.7,7.5,16.4,0.457,3.6,8.1,0.444,3.9,8.3,0.47,0.567,3.6,3.9,0.923,0.3,1.7,2.0,4.4,2.3,0.7,3.5,3.4,22.2,,2025
34.0,Franz Wagner,23.0,ORL,SF,13.0,13.0,29.8,8.2,17.3,0.471,1.8,5.4,0.329,6.4,11.9,0.535,0.522,3.5,4.2,0.833,1.1,4.1,5.2,4.7,1.5,0.2,2.2,2.0,21.5,,2025
35.0,RJ Barrett,24.0,TOR,SG,9.0,9.0,33.0,7.9,19.0,0.415,2.0,6.3,0.316,5.9,12.7,0.465,0.468,3.6,5.1,0.696,0.8,5.0,5.8,5.7,1.1,0.1,3.6,2.7,21.3,,2025
36.0,Jalen Green,22.0,HOU,SG,12.0,12.0,33.8,7.0,18.2,0.385,3.2,9.2,0.345,3.8,9.0,0.426,0.472,3.6,4.2,0.86,0.5,4.3,4.8,3.1,0.8,0.4,2.7,2.3,20.8,,2025
37.0,Jalen Williams,23.0,OKC,SG,12.0,12.0,32.2,8.3,16.1,0.513,2.0,4.8,0.421,6.3,11.3,0.551,0.575,2.3,3.0,0.778,1.0,5.3,6.3,5.2,2.1,0.9,2.3,2.8,20.8,,2025
38.0,James Harden,35.0,LAC,SG,12.0,12.0,34.8,5.9,16.3,0.362,2.5,8.0,0.313,3.4,8.3,0.41,0.439,6.3,7.4,0.854,0.8,7.3,8.2,8.8,1.7,0.8,4.8,2.4,20.7,,2025
39.0,Nikola Vučević,34.0,CHI,C,12.0,12.0,32.4,8.4,14.3,0.591,1.8,4.1,0.449,6.6,10.2,0.648,0.655,2.0,2.3,0.857,2.6,7.6,10.2,3.2,0.8,0.8,1.8,2.5,20.7,,2025
40.0,Ja Morant,25.0,MEM,PG,8.0,8.0,27.9,7.0,15.6,0.448,1.0,3.9,0.258,6.0,11.8,0.511,0.48,5.6,6.8,0.833,0.5,4.5,5.0,9.1,0.6,0.3,4.3,1.8,20.6,,2025
41.0,Darius Garland,25.0,CLE,PG,13.0,13.0,29.8,7.8,14.5,0.534,3.1,6.8,0.449,4.7,7.7,0.61,0.64,1.9,2.2,0.893,0.6,1.5,2.2,6.5,1.3,0.3,2.5,2.5,20.5,,2025
42.0,Pascal Siakam,30.0,IND,PF,11.0,11.0,34.0,8.0,14.4,0.557,2.3,4.8,0.472,5.7,9.5,0.6,0.636,2.2,2.9,0.75,1.7,4.8,6.5,4.3,0.7,0.2,1.4,2.7,20.5,,2025
43.0,Julius Randle,30.0,MIN,PF,12.0,12.0,33.4,7.2,13.9,0.515,1.6,4.2,0.38,5.6,9.8,0.573,0.572,4.3,5.3,0.797,2.2,4.8,6.9,4.2,0.6,0.1,2.8,2.7,20.2,,2025
44.0,Gradey Dick,21.0,TOR,SG,12.0,12.0,32.4,6.8,15.3,0.448,2.6,6.9,0.373,4.3,8.3,0.51,0.533,3.8,4.3,0.885,0.6,2.0,2.6,2.3,1.1,0.4,1.5,2.2,20.1,,2025
45.0,Domantas Sabonis,28.0,SAC,C,12.0,12.0,36.2,7.5,11.8,0.638,1.0,2.3,0.444,6.5,9.5,0.684,0.681,3.9,4.7,0.839,2.9,9.7,12.6,6.8,0.7,0.3,3.3,3.8,19.9,,2025
46.0,Bennedict Mathurin,22.0,IND,SG,11.0,6.0,30.8,6.4,11.9,0.534,1.8,3.9,0.465,4.5,8.0,0.568,0.611,5.2,6.4,0.814,1.1,5.5,6.6,1.7,0.5,0.1,1.7,2.6,19.7,,2025
47.0,Coby White,24.0,CHI,PG,12.0,12.0,33.8,6.5,14.9,0.436,3.4,9.2,0.373,3.1,5.8,0.536,0.55,3.3,3.8,0.867,0.2,3.4,3.6,5.0,1.5,0.2,2.9,2.6,19.7,,2025
48.0,Scottie Barnes,23.0,TOR,SF,4.0,4.0,33.5,7.3,15.8,0.46,0.5,2.8,0.182,6.8,13.0,0.519,0.476,4.3,5.8,0.739,2.5,5.3,7.8,6.0,2.0,0.5,4.0,3.0,19.3,,2025
49.0,Dennis Schröder,31.0,BRK,PG,12.0,12.0,34.6,6.8,13.8,0.491,3.0,6.5,0.462,3.8,7.3,0.517,0.6,2.8,3.3,0.846,0.2,2.8,3.0,5.9,1.3,0.0,2.4,2.6,19.3,,2025
50.0,Jalen Johnson,23.0,ATL,SF,12.0,12.0,36.7,7.2,15.8,0.455,1.5,4.8,0.316,5.7,11.0,0.515,0.503,3.2,4.5,0.704,2.0,8.2,10.2,5.3,1.5,0.9,3.3,2.7,19.0,,2025
51.0,Derrick White,30.0,BOS,SG,13.0,13.0,33.8,6.5,13.6,0.475,3.8,9.2,0.42,2.6,4.5,0.586,0.616,2.2,2.5,0.879,1.1,3.4,4.5,4.3,0.9,1.1,1.5,2.6,19.0,,2025
52.0,Desmond Bane,26.0,MEM,SG,5.0,5.0,26.4,7.0,14.4,0.486,2.6,6.4,0.406,4.4,8.0,0.55,0.576,2.2,2.4,0.917,1.0,4.4,5.4,2.8,1.0,0.6,1.8,3.0,18.8,,2025
53.0,CJ McCollum,33.0,NOP,SG,4.0,4.0,34.3,7.3,16.3,0.446,3.3,8.5,0.382,4.0,7.8,0.516,0.546,1.0,1.5,0.667,0.3,3.3,3.5,4.0,2.3,1.0,2.0,1.5,18.8,,2025
54.0,Jaden Ivey,22.0,DET,SG,12.0,12.0,32.9,6.9,15.2,0.456,1.8,4.9,0.356,5.2,10.3,0.504,0.514,3.0,4.1,0.735,1.5,3.4,4.9,3.8,0.8,0.5,3.3,3.1,18.6,,2025
55.0,Austin Reaves,26.0,LAL,SG,11.0,11.0,34.5,6.5,13.6,0.473,2.7,7.6,0.357,3.7,6.0,0.621,0.573,3.0,3.9,0.767,0.8,3.5,4.3,5.3,1.4,0.4,2.4,2.8,18.6,,2025
56.0,Jamal Murray,27.0,DEN,PG,7.0,7.0,35.3,6.1,15.3,0.402,1.9,5.6,0.333,4.3,9.7,0.441,0.463,4.0,4.7,0.848,0.4,3.4,3.9,4.9,0.9,0.0,1.7,1.6,18.1,,2025
57.0,De'Andre Hunter,27.0,ATL,SF,2.0,2.0,29.5,5.0,12.0,0.417,2.0,5.0,0.4,3.0,7.0,0.429,0.5,6.0,6.5,0.923,1.0,5.5,6.5,2.0,1.0,0.5,0.0,4.5,18.0,,2025
58.0,Michael Porter Jr.,26.0,DEN,SF,10.0,10.0,36.8,6.7,14.1,0.475,3.1,7.6,0.408,3.6,6.5,0.554,0.585,1.5,2.0,0.75,1.3,5.7,7.0,2.9,1.1,0.5,1.1,2.1,18.0,,2025
59.0,Bradley Beal,31.0,PHO,SG,9.0,9.0,34.8,6.4,13.6,0.475,2.6,6.7,0.383,3.9,6.9,0.565,0.57,2.3,2.9,0.808,0.7,3.3,4.0,3.7,1.4,0.9,1.3,2.7,17.8,,2025
60.0,Evan Mobley,23.0,CLE,C,13.0,13.0,30.4,7.0,12.5,0.558,0.5,1.6,0.333,6.5,10.9,0.592,0.58,3.2,4.0,0.808,1.9,6.7,8.6,2.5,1.0,1.5,2.2,2.3,17.8,,2025
61.0,Buddy Hield,32.0,GSW,SG,11.0,1.0,24.5,6.4,12.8,0.496,3.8,8.2,0.467,2.5,4.6,0.549,0.645,1.1,1.3,0.857,0.6,3.4,4.0,1.9,0.9,0.5,0.8,2.0,17.6,,2025
62.0,Jerami Grant,30.0,POR,PF,13.0,13.0,33.4,5.8,15.0,0.385,2.4,6.9,0.344,3.4,8.1,0.419,0.464,3.6,4.5,0.797,0.3,3.3,3.6,2.2,0.8,1.2,1.5,1.8,17.5,,2025
63.0,Alperen Sengun,22.0,HOU,C,12.0,12.0,28.8,6.9,14.6,0.474,0.5,1.5,0.333,6.4,13.1,0.49,0.491,3.1,4.2,0.74,3.8,7.7,11.5,4.0,0.9,1.5,2.2,2.9,17.4,,2025
64.0,Paul George,34.0,PHI,SF,5.0,5.0,29.2,6.2,14.6,0.425,2.2,7.2,0.306,4.0,7.4,0.541,0.5,2.6,3.0,0.867,1.0,4.8,5.8,5.2,2.0,0.4,3.6,2.6,17.2,,2025
65.0,John Collins,27.0,UTA,PF,10.0,1.0,25.3,6.6,12.7,0.52,1.2,3.2,0.375,5.4,9.5,0.568,0.567,2.7,2.8,0.964,2.3,5.4,7.7,2.7,1.2,0.8,2.6,3.3,17.1,,2025
66.0,Myles Turner,28.0,IND,C,10.0,10.0,32.6,5.9,12.9,0.457,2.2,5.4,0.407,3.7,7.5,0.493,0.543,2.8,4.1,0.683,0.8,6.0,6.8,1.4,1.0,1.8,2.8,3.7,16.8,,2025
67.0,Lauri Markkanen,27.0,UTA,PF,7.0,7.0,30.0,5.0,12.9,0.389,2.3,5.4,0.421,2.7,7.4,0.365,0.478,4.4,5.3,0.838,1.9,4.4,6.3,2.9,0.7,0.0,1.6,1.1,16.7,,2025
68.0,Devin Vassell,24.0,SAS,SG,3.0,0.0,22.7,5.3,12.0,0.444,2.3,6.3,0.368,3.0,5.7,0.529,0.542,3.7,3.7,1.0,0.3,1.3,1.7,3.0,0.3,0.3,2.3,1.7,16.7,,2025
69.0,Cameron Johnson,28.0,BRK,PF,12.0,12.0,33.1,5.8,12.2,0.473,2.9,7.8,0.376,2.8,4.4,0.642,0.592,2.1,2.4,0.862,0.6,3.5,4.1,2.7,0.6,0.4,0.5,2.3,16.5,,2025
70.0,Chet Holmgren,22.0,OKC,PF,10.0,10.0,26.5,5.6,11.1,0.505,1.4,3.7,0.378,4.2,7.4,0.568,0.568,3.8,4.9,0.776,1.6,7.1,8.7,2.0,0.8,2.6,2.3,1.8,16.4,,2025
71.0,Christian Braun,23.0,DEN,SG,10.0,10.0,35.3,5.8,10.5,0.552,1.7,3.4,0.5,4.1,7.1,0.577,0.633,3.0,3.7,0.811,1.2,4.2,5.4,1.6,0.9,0.9,1.2,2.6,16.3,,2025
72.0,Jordan Hawkins,22.0,NOP,SG,8.0,3.0,30.3,5.3,12.9,0.408,2.4,6.5,0.365,2.9,6.4,0.451,0.5,3.4,3.6,0.931,0.5,4.0,4.5,1.4,0.1,0.4,1.6,1.4,16.3,,2025
73.0,Anfernee Simons,25.0,POR,SG,12.0,12.0,29.8,5.7,14.8,0.382,2.2,7.3,0.299,3.5,7.6,0.462,0.455,2.8,3.0,0.917,0.2,1.8,2.0,4.3,0.8,0.1,2.4,1.3,16.3,,2025
74.0,OG Anunoby,27.0,NYK,SF,11.0,11.0,36.4,6.0,12.4,0.485,2.2,5.5,0.4,3.8,6.9,0.553,0.574,2.0,2.4,0.846,0.8,4.2,5.0,2.5,1.5,0.7,1.2,2.2,16.2,,2025
75.0,Payton Pritchard,27.0,BOS,SG,13.0,0.0,28.5,5.3,11.2,0.476,3.8,9.0,0.427,1.5,2.2,0.679,0.648,1.8,2.0,0.885,0.8,1.9,2.8,2.9,1.2,0.1,1.3,1.8,16.2,,2025
76.0,Ivica Zubac,27.0,LAC,C,12.0,12.0,34.3,6.9,11.9,0.58,0.0,0.0,,6.9,11.9,0.58,0.58,2.3,3.9,0.596,4.2,8.1,12.3,2.4,0.8,1.2,2.0,2.6,16.2,,2025
77.0,Jimmy Butler,35.0,MIA,SF,8.0,8.0,30.5,5.4,11.3,0.478,0.3,1.6,0.154,5.1,9.6,0.532,0.489,5.1,7.0,0.732,2.6,2.1,4.8,4.9,1.5,0.3,1.8,1.5,16.1,,2025
78.0,Tyrese Haliburton,24.0,IND,PG,11.0,11.0,35.3,5.5,14.2,0.391,2.1,7.7,0.271,3.5,6.5,0.535,0.465,2.8,3.6,0.775,0.6,3.4,4.0,8.5,1.2,0.5,2.0,2.0,16.0,,2025
79.0,Kyle Kuzma,29.0,WAS,PF,5.0,5.0,28.4,5.6,15.8,0.354,2.0,6.4,0.313,3.6,9.4,0.383,0.418,2.6,3.4,0.765,1.2,5.0,6.2,2.6,0.4,0.4,3.2,2.0,15.8,,2025
80.0,Brandon Miller,22.0,CHO,SF,7.0,7.0,29.0,5.3,14.1,0.374,2.9,8.9,0.323,2.4,5.3,0.459,0.475,2.3,2.4,0.941,0.6,3.6,4.1,3.9,1.1,0.6,2.0,2.1,15.7,,2025
81.0,Collin Sexton,26.0,UTA,SG,10.0,8.0,26.3,5.0,11.3,0.442,1.3,3.3,0.394,3.7,8.0,0.463,0.5,4.4,4.9,0.898,0.5,2.2,2.7,3.1,0.9,0.2,2.6,2.7,15.7,,2025
82.0,Mikal Bridges,28.0,NYK,SF,11.0,11.0,38.0,6.5,13.6,0.48,1.9,6.3,0.304,4.6,7.4,0.63,0.55,0.6,1.0,0.636,1.1,2.7,3.8,3.5,1.3,0.6,1.6,1.6,15.6,,2025
83.0,Aaron Gordon,29.0,DEN,PF,7.0,7.0,30.3,5.3,10.0,0.529,1.7,3.1,0.545,3.6,6.9,0.521,0.614,3.1,3.7,0.846,2.7,4.0,6.7,3.1,0.7,0.3,1.3,1.9,15.4,,2025
84.0,Jeremy Sochan,21.0,SAS,PF,7.0,7.0,29.3,6.3,12.3,0.512,0.4,1.7,0.25,5.9,10.6,0.554,0.529,2.4,3.6,0.68,2.4,5.3,7.7,3.0,1.0,0.4,2.3,3.0,15.4,,2025
85.0,Bam Adebayo,27.0,MIA,C,10.0,10.0,34.8,5.7,14.0,0.407,0.5,2.3,0.217,5.2,11.7,0.444,0.425,3.4,5.1,0.667,3.2,5.9,9.1,3.9,1.7,1.4,1.3,1.8,15.3,,2025
86.0,Bilal Coulibaly,20.0,WAS,SF,10.0,10.0,35.1,5.7,10.1,0.564,1.2,3.2,0.375,4.5,6.9,0.652,0.624,2.7,3.5,0.771,1.8,3.8,5.6,2.7,1.0,0.8,2.2,2.4,15.3,,2025
87.0,Immanuel Quickley,25.0,TOR,PG,3.0,3.0,22.7,5.3,14.0,0.381,2.0,5.3,0.375,3.3,8.7,0.385,0.452,2.7,3.0,0.889,0.3,1.7,2.0,4.0,0.7,0.0,1.3,2.3,15.3,,2025
88.0,Naz Reid,25.0,MIN,C,12.0,0.0,25.0,5.4,10.2,0.533,2.4,5.3,0.453,3.0,4.8,0.621,0.652,2.1,2.3,0.926,0.7,4.7,5.3,1.7,0.5,0.5,1.1,2.6,15.3,,2025
89.0,Shaedon Sharpe,21.0,POR,SG,5.0,3.0,25.8,6.0,13.0,0.462,1.4,5.6,0.25,4.6,7.4,0.622,0.515,1.8,2.4,0.75,1.0,2.2,3.2,1.4,0.6,0.2,1.6,1.8,15.2,,2025
90.0,Keyonte George,21.0,UTA,SG,9.0,9.0,31.9,4.7,14.4,0.323,2.4,8.3,0.293,2.2,6.1,0.364,0.408,3.1,4.1,0.757,0.4,2.7,3.1,6.1,0.4,0.1,3.0,1.4,14.9,,2025
91.0,Tre Mann,23.0,CHO,PG,10.0,0.0,25.1,5.6,12.6,0.444,1.9,4.9,0.388,3.7,7.7,0.481,0.52,1.7,1.7,1.0,0.9,2.0,2.9,3.3,0.7,0.3,1.9,1.9,14.8,,2025
92.0,Jalen Suggs,23.0,ORL,SG,13.0,13.0,29.8,5.2,12.5,0.414,2.2,6.7,0.322,3.0,5.8,0.52,0.5,2.4,2.6,0.912,0.5,4.4,4.8,4.1,1.6,1.1,2.8,2.5,14.8,,2025
93.0,Jonathan Kuminga,22.0,GSW,PF,11.0,3.0,24.3,5.4,11.1,0.484,1.2,3.4,0.351,4.2,7.7,0.541,0.537,2.8,4.4,0.646,1.3,3.1,4.4,1.7,0.9,0.5,1.6,1.6,14.7,,2025
94.0,Andrew Wiggins,29.0,GSW,SF,9.0,9.0,27.3,5.0,11.4,0.437,1.8,4.7,0.381,3.2,6.8,0.475,0.515,2.9,4.1,0.703,1.8,2.8,4.6,2.4,0.9,0.8,1.0,2.1,14.7,,2025
95.0,Miles Bridges,26.0,CHO,SF,8.0,8.0,30.5,5.0,12.8,0.392,1.5,5.6,0.267,3.5,7.1,0.491,0.451,3.1,3.8,0.833,0.6,6.1,6.8,2.5,0.5,0.5,1.6,1.5,14.6,,2025
96.0,Kelly Oubre Jr.,29.0,PHI,SF,11.0,11.0,31.5,5.5,13.6,0.407,1.3,4.9,0.259,4.3,8.7,0.49,0.453,2.3,3.0,0.758,1.5,3.3,4.7,1.3,0.8,0.4,1.4,3.5,14.6,,2025
97.0,Klay Thompson,34.0,DAL,SG,11.0,11.0,30.5,5.3,12.6,0.417,3.2,8.5,0.372,2.1,4.1,0.511,0.543,0.8,0.8,1.0,0.5,3.2,3.7,2.1,0.5,0.2,0.9,1.6,14.5,,2025
98.0,Jordan Clarkson,32.0,UTA,SG,8.0,2.0,24.6,4.9,12.4,0.394,1.9,6.3,0.3,3.0,6.1,0.49,0.47,2.8,3.6,0.759,0.6,3.3,3.9,3.9,0.9,0.1,2.1,1.8,14.4,,2025
99.0,Dyson Daniels,21.0,ATL,PG,10.0,10.0,33.1,6.1,13.0,0.469,1.1,4.1,0.268,5.0,8.9,0.562,0.512,1.0,1.9,0.526,1.0,3.3,4.3,2.9,3.6,0.7,1.7,2.9,14.3,,2025
100.0,Dejounte Murray,28.0,NOP,PG,1.0,1.0,30.0,4.0,15.0,0.267,0.0,3.0,0.0,4.0,12.0,0.333,0.267,6.0,7.0,0.857,0.0,8.0,8.0,10.0,1.0,0.0,1.0,0.0,14.0,,2025
101.0,Jakob Poeltl,29.0,TOR,C,12.0,12.0,32.0,6.0,10.8,0.558,0.0,0.0,,6.0,10.8,0.558,0.558,1.9,2.8,0.676,3.8,7.3,11.1,2.9,1.2,1.3,2.7,3.8,13.9,,2025
102.0,Malik Beasley,28.0,DET,SG,13.0,1.0,28.5,4.8,12.5,0.383,3.2,8.5,0.378,1.5,3.9,0.392,0.512,1.1,1.6,0.667,0.7,2.2,2.9,1.8,0.6,0.1,1.5,1.5,13.8,,2025
103.0,Keegan Murray,24.0,SAC,SF,12.0,12.0,36.9,5.3,11.8,0.444,1.8,6.1,0.301,3.4,5.8,0.594,0.521,1.5,1.8,0.857,2.4,5.7,8.1,1.7,0.3,0.7,0.8,3.1,13.8,,2025
104.0,Tobias Harris,32.0,DET,PF,13.0,13.0,34.3,5.5,12.2,0.449,1.2,4.2,0.291,4.2,7.9,0.534,0.5,1.5,1.8,0.792,0.9,6.6,7.5,2.7,0.8,1.3,1.5,2.5,13.6,,2025
105.0,Terry Rozier,30.0,MIA,PG,10.0,10.0,33.1,4.6,12.1,0.38,2.3,6.3,0.365,2.3,5.8,0.397,0.475,2.1,2.3,0.913,0.4,4.0,4.4,4.1,0.9,0.4,2.0,1.7,13.6,,2025
106.0,Ochai Agbaji,24.0,TOR,SG,12.0,10.0,31.5,5.3,9.2,0.573,1.9,4.0,0.479,3.3,5.2,0.645,0.677,1.1,1.5,0.722,1.3,3.8,5.0,1.9,1.3,0.6,1.1,2.8,13.5,,2025
107.0,Jared McCain,20.0,PHI,PG,11.0,1.0,18.9,4.8,10.5,0.457,1.8,4.7,0.385,3.0,5.8,0.516,0.543,2.1,2.1,1.0,0.5,1.6,2.1,2.3,0.5,0.0,1.0,0.8,13.5,,2025
108.0,Fred VanVleet,30.0,HOU,PG,11.0,11.0,35.5,4.8,13.0,0.371,2.0,7.1,0.282,2.8,5.9,0.477,0.448,1.7,2.4,0.731,0.8,3.2,4.0,5.7,1.7,0.5,1.1,2.5,13.4,,2025
109.0,Jarrett Allen,26.0,CLE,C,13.0,13.0,29.6,5.3,8.3,0.639,0.0,0.0,,5.3,8.3,0.639,0.639,2.7,3.8,0.714,1.9,8.8,10.7,1.7,0.8,1.2,1.1,1.2,13.3,,2025
110.0,Deandre Ayton,26.0,POR,C,11.0,11.0,29.3,6.2,11.9,0.519,0.5,1.2,0.385,5.7,10.7,0.534,0.538,0.5,0.7,0.625,3.0,7.5,10.5,1.0,0.9,0.5,1.5,2.0,13.3,,2025
111.0,Josh Giddey,22.0,CHI,SG,12.0,12.0,28.8,4.8,11.0,0.432,1.4,3.3,0.425,3.3,7.7,0.435,0.496,2.3,3.4,0.659,1.4,4.8,6.3,6.9,0.8,0.2,2.7,1.3,13.2,,2025
112.0,Josh Hart,29.0,NYK,SG,11.0,11.0,36.5,5.1,8.7,0.583,0.9,3.1,0.294,4.2,5.6,0.742,0.635,2.0,2.4,0.846,2.0,7.2,9.2,5.6,1.0,0.3,2.1,2.4,13.1,,2025
113.0,Santi Aldama,24.0,MEM,PF,12.0,10.0,30.1,5.3,11.2,0.47,1.3,5.0,0.267,3.9,6.2,0.635,0.53,1.2,1.3,0.933,1.6,6.0,7.6,3.8,0.9,0.5,1.4,1.3,13.0,,2025
114.0,Joel Embiid,30.0,PHI,C,1.0,1.0,26.0,2.0,11.0,0.182,1.0,5.0,0.2,1.0,6.0,0.167,0.227,8.0,8.0,1.0,1.0,2.0,3.0,5.0,0.0,1.0,2.0,3.0,13.0,,2025
115.0,Trey Murphy III,24.0,NOP,SF,2.0,2.0,26.0,4.0,13.0,0.308,2.0,7.0,0.286,2.0,6.0,0.333,0.385,3.0,3.0,1.0,1.0,2.5,3.5,1.0,0.0,1.0,2.5,3.0,13.0,,2025
116.0,Bobby Portis,29.0,MIL,PF,11.0,1.0,24.5,5.6,12.4,0.456,0.8,3.4,0.243,4.8,9.0,0.535,0.489,0.8,1.0,0.818,2.2,6.0,8.2,0.7,0.5,0.5,1.4,1.7,12.9,,2025
117.0,Jrue Holiday,34.0,BOS,PG,13.0,13.0,30.8,4.7,9.7,0.484,1.8,5.1,0.364,2.8,4.6,0.617,0.579,1.5,1.8,0.87,0.8,3.1,3.9,4.0,0.5,0.2,1.6,1.2,12.8,,2025
118.0,Rui Hachimura,26.0,LAL,PF,10.0,10.0,33.9,4.5,10.7,0.421,1.8,3.6,0.5,2.7,7.1,0.38,0.505,1.9,2.3,0.826,2.2,3.9,6.1,1.5,0.7,0.5,0.7,2.0,12.7,,2025
119.0,Jonas Valančiūnas,32.0,WAS,C,10.0,2.0,20.7,5.1,8.8,0.58,0.1,0.4,0.25,5.0,8.4,0.595,0.585,2.4,2.6,0.923,2.5,5.3,7.8,2.5,0.5,0.7,1.7,1.7,12.7,,2025
120.0,Malik Monk,26.0,SAC,SG,10.0,0.0,25.0,4.6,10.4,0.442,1.2,4.3,0.279,3.4,6.1,0.557,0.5,2.2,2.6,0.846,0.0,3.0,3.0,2.8,0.9,0.4,0.8,1.8,12.6,,2025
121.0,Tim Hardaway Jr.,32.0,DET,SG,12.0,12.0,28.4,3.9,8.4,0.465,2.7,5.8,0.457,1.3,2.6,0.484,0.624,2.0,2.3,0.889,0.1,1.6,1.7,2.0,0.4,0.0,0.7,1.6,12.5,,2025
122.0,D'Angelo Russell,28.0,LAL,PG,11.0,8.0,28.5,4.5,11.1,0.402,1.9,6.1,0.313,2.5,5.0,0.509,0.488,1.6,1.8,0.9,0.4,1.8,2.2,4.7,0.8,0.1,1.5,1.9,12.5,,2025
123.0,Moritz Wagner,27.0,ORL,C,13.0,1.0,18.5,4.2,7.9,0.534,0.9,2.8,0.333,3.3,5.2,0.642,0.592,3.2,3.9,0.804,0.8,3.7,4.5,0.8,0.7,0.2,2.0,2.2,12.5,,2025
124.0,Scotty Pippen Jr.,24.0,MEM,PG,12.0,3.0,26.0,4.6,9.0,0.509,1.3,2.8,0.441,3.3,6.2,0.541,0.579,1.9,2.4,0.793,0.5,3.6,4.1,6.2,1.2,0.5,2.5,3.3,12.3,,2025
125.0,Tari Eason,23.0,HOU,SF,12.0,0.0,22.9,5.1,9.3,0.55,1.0,2.8,0.364,4.1,6.5,0.628,0.604,1.0,1.5,0.667,2.1,3.5,5.6,1.3,1.8,1.2,1.0,2.3,12.2,,2025
126.0,Daniel Gafford,26.0,DAL,PF,11.0,11.0,21.1,5.3,7.3,0.725,0.0,0.0,,5.3,7.3,0.725,0.725,1.6,2.4,0.692,2.5,3.6,6.1,1.3,0.5,1.1,0.8,3.5,12.2,,2025
127.0,Keldon Johnson,25.0,SAS,SF,12.0,0.0,26.9,4.6,10.2,0.451,1.0,3.8,0.267,3.6,6.4,0.558,0.5,2.0,2.7,0.75,1.3,4.4,5.8,1.5,0.8,0.3,0.8,1.8,12.2,,2025
128.0,Dillon Brooks,29.0,HOU,SG,12.0,12.0,31.8,4.3,10.8,0.403,1.9,5.1,0.377,2.4,5.7,0.426,0.492,1.4,1.6,0.895,1.3,2.4,3.8,1.0,0.7,0.2,0.6,3.0,12.0,,2025
129.0,Robert Williams,27.0,POR,C,3.0,0.0,18.0,5.0,6.3,0.789,0.3,0.7,0.5,4.7,5.7,0.824,0.816,1.7,1.7,1.0,1.3,4.3,5.7,1.7,1.7,1.7,1.0,0.3,12.0,,2025
130.0,Scoot Henderson,20.0,POR,PG,13.0,1.0,25.5,4.4,10.5,0.419,0.9,2.9,0.316,3.5,7.5,0.459,0.463,2.2,2.8,0.806,0.6,2.5,3.1,4.6,1.1,0.0,3.1,2.5,11.9,,2025
131.0,Zaccharie Risacher,19.0,ATL,SF,12.0,10.0,26.8,4.3,11.4,0.372,1.3,5.1,0.246,3.0,6.3,0.474,0.427,1.9,3.1,0.622,1.7,2.3,4.0,1.3,1.1,0.9,1.2,2.5,11.7,,2025
132.0,Brandon Boston Jr.,23.0,NOP,SG,9.0,5.0,27.3,4.3,9.8,0.443,1.1,3.2,0.345,3.2,6.6,0.492,0.5,1.8,2.0,0.889,1.1,3.1,4.2,3.9,1.4,0.3,1.3,1.6,11.6,,2025
133.0,Chris Boucher,32.0,TOR,PF,12.0,0.0,18.9,4.3,8.7,0.5,1.3,4.0,0.333,3.0,4.7,0.643,0.577,1.6,2.3,0.704,1.1,3.3,4.3,0.8,0.5,0.7,0.6,1.2,11.6,,2025
134.0,Caleb Martin,29.0,PHI,SF,11.0,10.0,34.1,3.9,9.0,0.434,0.9,3.0,0.303,3.0,6.0,0.5,0.485,2.9,4.3,0.681,1.8,3.9,5.7,2.8,1.3,0.3,2.1,2.2,11.6,,2025
135.0,Luguentz Dort,25.0,OKC,SG,12.0,12.0,27.7,3.9,8.3,0.475,2.4,5.2,0.468,1.5,3.1,0.486,0.621,1.3,1.5,0.833,0.8,2.7,3.4,1.5,1.4,0.8,0.7,3.0,11.5,,2025
136.0,Caris LeVert,30.0,CLE,SG,11.0,0.0,23.5,4.3,8.0,0.534,1.6,3.6,0.45,2.6,4.4,0.604,0.636,1.4,1.9,0.714,0.5,2.3,2.8,4.4,1.2,0.6,0.9,1.0,11.5,,2025
137.0,Kevin Huerter,26.0,SAC,SG,10.0,10.0,26.9,4.5,9.4,0.479,2.0,5.9,0.339,2.5,3.5,0.714,0.585,0.4,0.7,0.571,0.5,3.1,3.6,2.4,1.4,0.5,0.8,2.7,11.4,,2025
138.0,Zach Edey,22.0,MEM,C,12.0,9.0,20.3,4.7,7.5,0.622,0.3,0.6,0.571,4.3,6.9,0.627,0.644,1.6,2.4,0.655,3.0,3.8,6.8,0.8,0.8,0.9,1.8,3.3,11.3,,2025
139.0,Onyeka Okongwu,24.0,ATL,C,10.0,0.0,23.5,4.4,7.8,0.564,0.4,1.9,0.211,4.0,5.9,0.678,0.59,2.1,2.5,0.84,2.2,3.6,5.8,1.9,0.6,0.6,0.7,2.2,11.3,,2025
140.0,Clint Capela,30.0,ATL,C,12.0,12.0,22.3,4.8,7.3,0.659,0.0,0.0,,4.8,7.3,0.659,0.659,1.5,2.2,0.692,2.8,4.6,7.3,1.1,0.5,0.7,1.0,1.8,11.2,,2025
141.0,Ayo Dosunmu,25.0,CHI,SG,12.0,3.0,28.3,4.1,9.6,0.426,1.1,4.4,0.245,3.0,5.2,0.581,0.483,1.9,2.1,0.92,0.7,3.8,4.5,4.2,0.3,0.5,1.3,2.3,11.2,,2025
142.0,Derrick Jones Jr.,27.0,LAC,SF,12.0,12.0,26.8,4.3,8.5,0.51,1.8,3.7,0.477,2.6,4.8,0.534,0.613,0.8,1.0,0.75,1.5,1.9,3.4,1.2,1.1,0.3,1.3,2.8,11.2,,2025
143.0,Jaylen Wells,21.0,MEM,SF,12.0,7.0,25.9,4.1,9.5,0.43,1.7,4.5,0.37,2.4,5.0,0.483,0.518,1.3,1.8,0.727,0.8,2.5,3.3,1.7,0.3,0.3,1.1,1.8,11.2,,2025
144.0,Russell Westbrook,36.0,DEN,PG,10.0,3.0,24.6,3.4,9.6,0.354,1.0,3.3,0.303,2.4,6.3,0.381,0.406,3.3,4.7,0.702,1.0,3.1,4.1,5.4,1.5,0.6,2.5,2.8,11.1,,2025
145.0,Brook Lopez,36.0,MIL,C,12.0,12.0,31.9,3.9,9.6,0.409,1.7,5.4,0.308,2.3,4.2,0.54,0.496,1.5,2.0,0.75,1.3,3.8,5.1,1.6,1.3,2.4,1.4,2.6,11.0,,2025
146.0,Nick Richards,27.0,CHO,C,5.0,5.0,27.4,4.2,6.6,0.636,0.0,0.2,0.0,4.2,6.4,0.656,0.636,2.6,4.4,0.591,4.0,6.0,10.0,1.8,0.4,2.4,1.4,2.8,11.0,,2025
147.0,Amen Thompson,22.0,HOU,SF,12.0,1.0,25.3,3.9,7.4,0.528,0.3,1.3,0.267,3.6,6.2,0.581,0.551,2.8,3.8,0.733,1.9,4.6,6.5,2.0,1.1,0.8,1.6,2.5,10.9,,2025
148.0,Julian Champagnie,23.0,SAS,SF,12.0,12.0,28.3,3.9,8.8,0.443,2.3,6.3,0.373,1.6,2.6,0.613,0.575,0.6,0.7,0.875,0.9,4.4,5.3,1.7,0.7,0.4,1.2,1.4,10.8,,2025
149.0,Rudy Gobert,32.0,MIN,C,12.0,12.0,31.8,4.1,6.4,0.636,0.0,0.0,,4.1,6.4,0.636,0.636,2.7,3.3,0.8,3.1,7.3,10.4,1.9,0.5,1.3,1.8,3.0,10.8,,2025
150.0,Corey Kispert,25.0,WAS,SF,10.0,0.0,30.1,3.9,9.9,0.394,1.8,6.1,0.295,2.1,3.8,0.553,0.485,1.2,1.5,0.8,0.2,2.6,2.8,1.6,0.6,0.1,1.0,1.8,10.8,,2025
151.0,Jose Alvarado,26.0,NOP,PG,11.0,7.0,25.6,3.6,9.2,0.396,2.2,5.5,0.4,1.5,3.7,0.39,0.515,1.3,1.5,0.824,0.5,1.6,2.2,4.5,1.5,0.3,1.3,2.4,10.7,,2025
152.0,Tyus Jones,28.0,PHO,PG,12.0,12.0,32.3,4.1,9.0,0.454,1.9,5.0,0.383,2.2,4.0,0.542,0.56,0.6,0.7,0.875,0.8,2.0,2.8,6.5,0.9,0.2,1.2,1.0,10.7,,2025
153.0,Miles McBride,24.0,NYK,PG,11.0,0.0,26.4,4.0,9.1,0.44,2.0,5.3,0.379,2.0,3.8,0.524,0.55,0.7,0.9,0.8,0.4,1.9,2.3,2.5,1.1,0.3,1.1,1.7,10.7,,2025
154.0,Josh Okogie,26.0,PHO,SG,4.0,0.0,15.3,4.3,7.0,0.607,1.3,2.5,0.5,3.0,4.5,0.667,0.696,0.8,1.3,0.6,1.8,2.0,3.8,0.3,1.3,0.0,0.8,0.8,10.5,,2025
155.0,Jabari Smith Jr.,21.0,HOU,PF,12.0,12.0,28.2,3.6,9.4,0.381,1.2,4.7,0.25,2.4,4.8,0.509,0.442,2.2,2.5,0.867,2.3,4.3,6.7,0.8,0.3,0.5,0.8,2.3,10.5,,2025
156.0,Garrison Mathews,28.0,ATL,SG,11.0,0.0,22.9,3.0,6.5,0.458,2.5,5.5,0.467,0.5,1.1,0.417,0.653,1.7,2.0,0.864,0.3,1.1,1.4,1.7,0.9,0.2,0.6,2.3,10.3,,2025
157.0,De'Anthony Melton,26.0,GSW,PG,6.0,2.0,20.2,3.7,9.0,0.407,2.2,5.8,0.371,1.5,3.2,0.474,0.528,0.8,1.3,0.625,1.0,2.3,3.3,2.8,1.2,0.3,1.7,3.0,10.3,,2025
158.0,Chris Paul,39.0,SAS,PG,12.0,12.0,28.5,3.7,7.9,0.463,1.9,5.2,0.371,1.8,2.8,0.636,0.584,1.1,1.1,1.0,0.4,3.3,3.8,8.6,1.3,0.1,2.0,1.9,10.3,,2025
159.0,Aaron Wiggins,26.0,OKC,SG,12.0,4.0,21.8,4.1,8.5,0.48,1.6,3.5,0.452,2.5,5.0,0.5,0.574,0.4,0.4,1.0,1.3,2.8,4.1,2.3,0.8,0.3,0.8,1.3,10.2,,2025
160.0,Larry Nance Jr.,32.0,ATL,PF,7.0,1.0,16.6,4.0,5.7,0.7,2.0,2.7,0.737,2.0,3.0,0.667,0.875,0.1,0.3,0.5,1.3,1.1,2.4,1.4,0.7,0.3,0.6,1.6,10.1,,2025
161.0,Dorian Finney-Smith,31.0,BRK,PF,10.0,10.0,28.9,3.7,8.4,0.44,1.9,5.5,0.345,1.8,2.9,0.621,0.554,0.7,1.2,0.583,2.1,2.9,5.0,1.6,1.2,0.6,1.3,3.8,10.0,,2025
162.0,Jay Huff,26.0,MEM,C,12.0,1.0,15.4,3.5,6.3,0.56,1.8,4.0,0.438,1.8,2.3,0.778,0.7,1.3,1.4,0.882,0.6,2.2,2.8,0.8,0.3,1.8,0.5,1.3,10.0,,2025
163.0,Ty Jerome,27.0,CLE,SG,13.0,0.0,16.2,3.7,6.0,0.615,1.2,2.0,0.577,2.5,4.0,0.635,0.712,1.5,1.8,0.826,0.5,1.4,1.9,3.4,1.4,0.0,1.1,1.2,10.0,,2025
164.0,Carlton Carrington,19.0,WAS,PG,10.0,9.0,30.0,3.5,8.1,0.432,1.3,3.6,0.361,2.2,4.5,0.489,0.512,1.6,1.8,0.889,0.1,4.4,4.5,5.1,1.3,0.4,2.0,3.3,9.9,,2025
165.0,Grant Williams,26.0,CHO,PF,11.0,2.0,28.1,3.3,7.5,0.439,1.8,5.0,0.364,1.5,2.5,0.593,0.561,1.5,2.0,0.773,0.9,3.5,4.5,2.3,1.4,0.6,1.9,3.1,9.9,,2025
166.0,Harrison Barnes,32.0,SAS,SF,12.0,12.0,28.8,3.4,6.8,0.5,1.2,3.1,0.378,2.3,3.8,0.6,0.585,1.8,2.0,0.875,1.6,2.3,3.9,1.6,0.3,0.3,0.9,0.8,9.8,,2025
167.0,Malaki Branham,21.0,SAS,SG,10.0,0.0,16.0,3.5,6.5,0.538,1.3,2.6,0.5,2.2,3.9,0.564,0.638,1.5,1.8,0.833,0.0,1.8,1.8,1.2,0.5,0.2,1.4,0.5,9.8,,2025
168.0,Kyshawn George,21.0,WAS,SG,10.0,4.0,29.0,3.5,9.4,0.372,1.9,6.5,0.292,1.6,2.9,0.552,0.473,0.9,1.2,0.75,0.6,3.7,4.3,2.8,1.0,1.0,0.9,3.9,9.8,,2025
169.0,Jaden McDaniels,24.0,MIN,PF,12.0,12.0,29.3,4.0,8.5,0.471,0.9,3.3,0.275,3.1,5.2,0.597,0.525,0.8,1.2,0.714,1.1,2.3,3.3,1.6,1.1,1.0,1.2,3.4,9.8,,2025
170.0,Patrick Williams,23.0,CHI,PF,12.0,12.0,29.1,3.3,8.9,0.374,1.8,4.6,0.382,1.6,4.3,0.365,0.472,1.3,1.6,0.842,1.1,4.4,5.5,1.9,1.2,0.6,1.8,1.4,9.8,,2025
171.0,Ziaire Williams,23.0,BRK,SF,12.0,2.0,21.2,3.7,7.9,0.463,1.1,3.3,0.325,2.6,4.6,0.564,0.532,1.4,1.8,0.81,1.2,3.4,4.6,1.0,1.0,0.4,1.0,2.8,9.8,,2025
172.0,Jaime Jaquez Jr.,23.0,MIA,SF,7.0,0.0,23.9,3.7,8.7,0.426,1.0,2.1,0.467,2.7,6.6,0.413,0.484,1.3,2.1,0.6,2.1,4.7,6.9,2.3,1.0,0.1,1.9,2.1,9.7,,2025
173.0,Dereck Lively II,20.0,DAL,C,7.0,0.0,23.1,4.0,5.7,0.7,0.0,0.0,,4.0,5.7,0.7,0.7,1.7,3.0,0.571,3.1,5.0,8.1,2.4,0.7,0.9,1.1,3.6,9.7,,2025
174.0,Cody Martin,29.0,CHO,SF,11.0,3.0,24.5,3.6,7.4,0.494,1.5,3.8,0.405,2.1,3.5,0.59,0.599,0.9,1.1,0.833,0.9,3.5,4.4,1.9,0.9,0.4,1.0,1.9,9.7,,2025
175.0,Royce O'Neale,31.0,PHO,SF,12.0,1.0,25.3,3.3,8.0,0.417,2.1,4.8,0.439,1.3,3.3,0.385,0.547,0.9,1.1,0.846,1.5,4.8,6.3,2.4,0.8,1.0,0.9,2.4,9.7,,2025
176.0,Guerschon Yabusele,29.0,PHI,PF,11.0,1.0,22.0,3.5,7.4,0.481,1.6,4.3,0.383,1.9,3.1,0.618,0.593,0.9,1.5,0.625,1.7,3.5,5.2,1.9,0.9,0.4,1.5,2.9,9.6,,2025
177.0,Deni Avdija,24.0,POR,SF,13.0,10.0,24.9,2.8,8.2,0.346,0.8,3.3,0.233,2.1,4.9,0.422,0.393,3.0,3.7,0.813,1.2,4.4,5.5,3.0,1.0,0.8,2.0,1.8,9.5,,2025
178.0,Alex Sarr,19.0,WAS,PF,10.0,10.0,25.3,3.5,10.2,0.343,0.8,4.8,0.167,2.7,5.4,0.5,0.382,1.7,2.4,0.708,1.7,4.1,5.8,2.2,0.6,2.3,1.1,2.8,9.5,,2025
179.0,Donte DiVincenzo,28.0,MIN,SG,12.0,0.0,26.3,3.2,9.3,0.342,2.2,7.1,0.306,1.0,2.2,0.462,0.459,0.9,1.2,0.786,0.5,2.9,3.4,3.4,1.5,0.3,1.9,1.8,9.4,,2025
180.0,P.J. Washington,26.0,DAL,PF,7.0,7.0,32.6,4.0,9.4,0.424,1.0,4.4,0.226,3.0,5.0,0.6,0.477,0.4,1.1,0.375,1.7,6.0,7.7,1.4,1.6,1.3,1.1,2.6,9.4,,2025
181.0,Dalano Banton,25.0,POR,SF,11.0,0.0,12.9,3.2,6.6,0.479,0.9,2.2,0.417,2.3,4.5,0.51,0.548,2.0,2.9,0.688,0.3,1.4,1.6,2.3,1.1,0.5,1.1,0.9,9.3,,2025
182.0,Amir Coffey,27.0,LAC,SG,12.0,0.0,23.5,3.3,6.4,0.506,1.6,3.0,0.528,1.7,3.4,0.488,0.63,1.2,1.5,0.778,0.5,1.7,2.2,0.9,0.6,0.0,0.5,1.6,9.3,,2025
183.0,Jusuf Nurkić,30.0,PHO,C,11.0,11.0,24.2,3.0,7.2,0.418,0.8,2.9,0.281,2.2,4.3,0.511,0.475,2.5,3.5,0.692,1.8,8.5,10.3,1.2,1.0,0.6,2.9,2.8,9.3,,2025
184.0,Julian Strawther,22.0,DEN,SG,10.0,0.0,21.4,3.4,7.3,0.466,1.3,3.6,0.361,2.1,3.7,0.568,0.555,1.2,1.6,0.75,0.5,1.5,2.0,1.5,1.0,0.4,1.2,2.9,9.3,,2025
185.0,Toumani Camara,24.0,POR,PF,13.0,13.0,31.1,3.4,7.3,0.463,1.5,3.3,0.442,1.9,4.0,0.481,0.563,0.9,1.3,0.706,2.2,2.8,5.1,2.0,1.8,0.3,1.8,2.9,9.2,,2025
186.0,Andre Drummond,31.0,PHI,C,10.0,9.0,25.4,3.6,7.2,0.5,0.1,0.4,0.25,3.5,6.8,0.515,0.507,1.9,3.6,0.528,3.5,6.5,10.0,0.5,1.4,0.5,2.0,3.4,9.2,,2025
187.0,Walker Kessler,23.0,UTA,C,9.0,9.0,26.4,3.9,5.7,0.686,0.0,0.0,,3.9,5.7,0.686,0.686,1.4,2.6,0.565,3.8,6.9,10.7,1.0,0.4,2.8,1.7,2.2,9.2,,2025
188.0,Moses Moody,22.0,GSW,SG,11.0,4.0,16.2,3.2,6.6,0.479,1.7,3.9,0.442,1.5,2.7,0.533,0.61,1.1,1.5,0.75,0.5,1.5,2.0,1.0,0.4,0.3,0.9,1.1,9.2,,2025
189.0,Aaron Nesmith,25.0,IND,SF,6.0,6.0,22.7,3.2,6.0,0.528,1.0,1.8,0.545,2.2,4.2,0.52,0.611,1.8,2.2,0.846,0.7,3.3,4.0,1.0,0.7,0.3,0.8,4.0,9.2,,2025
190.0,Isaiah Joe,25.0,OKC,SG,12.0,5.0,21.9,3.2,7.8,0.404,2.3,6.3,0.368,0.8,1.5,0.556,0.553,0.4,0.6,0.714,0.8,2.3,3.1,1.5,0.8,0.1,0.3,1.8,9.1,,2025
191.0,Jake LaRavia,23.0,MEM,PF,12.0,0.0,25.8,3.3,6.4,0.506,1.0,2.5,0.4,2.3,3.9,0.574,0.584,1.6,2.7,0.594,1.8,3.6,5.3,3.8,0.8,0.4,1.4,2.3,9.1,,2025
192.0,Grayson Allen,29.0,PHO,SG,9.0,0.0,20.8,2.8,8.0,0.347,2.1,6.2,0.339,0.7,1.8,0.375,0.479,1.3,1.6,0.857,0.6,1.6,2.1,1.0,0.8,0.4,0.9,1.0,9.0,,2025
193.0,Duncan Robinson,30.0,MIA,SF,9.0,0.0,18.6,3.3,8.8,0.38,2.3,6.2,0.375,1.0,2.6,0.391,0.513,0.0,0.0,,0.2,1.9,2.1,1.4,0.6,0.3,0.6,1.9,9.0,,2025
194.0,Nickeil Alexander-Walker,26.0,MIN,SG,12.0,1.0,24.2,3.1,6.1,0.507,1.8,3.7,0.477,1.3,2.4,0.552,0.651,0.8,1.2,0.714,0.6,2.0,2.6,2.7,1.2,0.3,1.5,1.2,8.8,,2025
195.0,T.J. McConnell,32.0,IND,PG,10.0,0.0,17.0,4.3,7.7,0.558,0.1,0.4,0.25,4.2,7.3,0.575,0.565,0.1,0.2,0.5,0.4,1.9,2.3,3.9,0.9,0.2,1.7,0.8,8.8,,2025
196.0,Stephon Castle,20.0,SAS,PG,12.0,5.0,23.6,3.2,8.3,0.38,0.8,3.3,0.231,2.4,5.1,0.475,0.425,1.6,2.3,0.679,0.6,1.9,2.5,3.0,0.8,0.4,1.3,1.8,8.7,,2025
197.0,Draymond Green,34.0,GSW,PF,11.0,11.0,27.5,2.6,5.9,0.446,1.5,3.2,0.457,1.2,2.7,0.433,0.569,2.0,2.8,0.71,0.8,4.5,5.3,5.2,1.1,1.1,1.8,3.5,8.7,,2025
198.0,Nic Claxton,25.0,BRK,C,11.0,5.0,24.8,3.7,5.7,0.651,0.0,0.0,,3.7,5.7,0.651,0.651,1.2,2.5,0.464,2.0,5.7,7.7,2.5,0.5,1.2,1.0,2.5,8.6,,2025
199.0,Al Horford,38.0,BOS,C,11.0,11.0,26.5,3.2,6.5,0.493,2.0,4.5,0.44,1.2,1.9,0.619,0.648,0.3,0.3,1.0,0.9,4.6,5.5,2.4,1.0,0.6,1.0,1.3,8.6,,2025
200.0,Peyton Watson,22.0,DEN,SG,10.0,3.0,23.2,2.9,7.1,0.408,0.9,2.3,0.391,2.0,4.8,0.417,0.472,1.7,2.3,0.739,1.1,2.0,3.1,1.0,0.9,1.0,0.6,2.2,8.4,,2025
201.0,Wendell Carter Jr.,25.0,ORL,C,6.0,6.0,26.3,2.8,6.3,0.447,0.3,2.7,0.125,2.5,3.7,0.682,0.474,2.3,3.0,0.778,2.0,6.8,8.8,2.2,1.3,0.3,0.5,2.3,8.3,,2025
202.0,Davion Mitchell,26.0,TOR,PG,12.0,9.0,28.4,3.3,7.8,0.415,1.0,3.8,0.267,2.3,4.1,0.551,0.479,0.8,1.3,0.667,0.6,2.1,2.7,6.2,0.9,0.3,2.3,2.8,8.3,,2025
203.0,Taurean Prince,30.0,MIL,PF,12.0,12.0,29.8,3.1,6.3,0.487,2.1,3.9,0.532,1.0,2.4,0.414,0.651,0.0,0.0,,0.8,4.8,5.7,2.0,0.8,0.1,1.0,2.3,8.3,,2025
204.0,Obi Toppin,26.0,IND,PF,10.0,0.0,20.6,3.2,6.2,0.516,0.8,2.7,0.296,2.4,3.5,0.686,0.581,1.1,1.3,0.846,1.0,2.1,3.1,1.6,0.5,0.4,0.8,1.4,8.3,,2025
205.0,Jalen Wilson,24.0,BRK,PF,12.0,0.0,21.8,2.8,6.5,0.436,0.8,3.2,0.237,2.1,3.3,0.625,0.494,1.9,2.2,0.885,1.1,2.3,3.3,2.2,0.3,0.0,1.0,2.0,8.3,,2025
206.0,Brandin Podziemski,21.0,GSW,SG,10.0,3.0,25.5,3.5,9.0,0.389,0.8,4.1,0.195,2.7,4.9,0.551,0.433,0.4,0.8,0.5,1.1,3.5,4.6,3.4,0.9,0.4,1.5,2.6,8.2,,2025
207.0,Jalen Duren,21.0,DET,C,11.0,11.0,25.2,3.4,4.1,0.822,0.0,0.0,,3.4,4.1,0.822,0.822,1.4,2.5,0.556,3.3,6.5,9.7,3.0,0.3,1.2,2.0,3.2,8.1,,2025
208.0,Bogdan Bogdanović,32.0,ATL,SG,1.0,0.0,28.0,2.0,6.0,0.333,2.0,6.0,0.333,0.0,0.0,,0.5,2.0,2.0,1.0,0.0,2.0,2.0,2.0,0.0,2.0,2.0,3.0,8.0,,2025
209.0,Nikola Jović,21.0,MIA,PF,10.0,8.0,18.0,3.0,6.5,0.462,1.1,3.2,0.344,1.9,3.3,0.576,0.546,0.9,1.2,0.75,0.7,3.2,3.9,1.3,1.0,0.1,0.8,1.6,8.0,,2025
210.0,Luke Kennard,28.0,MEM,SG,4.0,0.0,21.0,2.8,5.8,0.478,2.3,4.0,0.563,0.5,1.8,0.286,0.674,0.3,0.5,0.5,0.3,2.0,2.3,5.0,0.5,0.3,1.0,1.5,8.0,,2025
211.0,Jaylen Nowell,25.0,NOP,SG,5.0,0.0,17.6,3.2,7.8,0.41,0.8,3.0,0.267,2.4,4.8,0.5,0.462,0.8,1.4,0.571,0.6,1.2,1.8,1.8,0.2,0.2,0.8,0.8,8.0,,2025
212.0,Jalen Smith,24.0,CHI,PF,10.0,0.0,14.5,2.8,6.3,0.444,1.4,3.6,0.389,1.4,2.7,0.519,0.556,1.0,1.5,0.667,1.4,3.7,5.1,0.6,0.5,0.3,0.7,2.3,8.0,,2025
213.0,TyTy Washington Jr.,23.0,PHO,PG,1.0,0.0,16.0,3.0,6.0,0.5,2.0,3.0,0.667,1.0,3.0,0.333,0.667,0.0,0.0,,0.0,1.0,1.0,1.0,0.0,0.0,0.0,0.0,8.0,,2025
214.0,Anthony Black,21.0,ORL,PG,13.0,1.0,24.6,2.8,6.8,0.416,0.6,2.3,0.267,2.2,4.5,0.492,0.461,1.6,2.2,0.724,0.8,2.2,3.1,4.2,0.8,1.0,2.0,2.5,7.9,,2025
215.0,Haywood Highsmith,28.0,MIA,SF,8.0,2.0,24.5,3.0,5.3,0.571,1.0,2.8,0.364,2.0,2.5,0.8,0.667,0.9,1.4,0.636,0.8,2.5,3.3,0.8,1.8,0.5,0.4,2.1,7.9,,2025
216.0,Trayce Jackson-Davis,24.0,GSW,PF,11.0,11.0,16.5,3.5,5.2,0.684,0.0,0.0,,3.5,5.2,0.684,0.684,0.8,1.5,0.563,1.3,3.5,4.7,2.3,0.3,0.5,0.6,1.3,7.9,,2025
217.0,A.J. Green,25.0,MIL,SG,11.0,2.0,17.4,2.5,5.2,0.491,2.5,5.1,0.5,0.0,0.1,0.0,0.737,0.2,0.2,1.0,0.2,1.5,1.6,0.9,0.6,0.0,0.5,0.7,7.8,,2025
218.0,Goga Bitadze,25.0,ORL,C,9.0,6.0,18.9,3.4,5.1,0.674,0.0,0.6,0.0,3.4,4.6,0.756,0.674,0.7,1.0,0.667,3.0,3.8,6.8,1.8,0.4,1.2,1.0,2.0,7.6,,2025
219.0,Naji Marshall,27.0,DAL,SF,11.0,4.0,23.1,3.1,6.3,0.493,0.4,2.1,0.174,2.7,4.2,0.652,0.522,1.0,1.0,1.0,1.0,2.8,3.8,2.6,1.0,0.2,0.9,1.3,7.5,,2025
220.0,Mike Conley,37.0,MIN,PG,11.0,11.0,23.5,2.3,7.3,0.313,1.5,5.0,0.309,0.7,2.3,0.32,0.419,1.3,1.4,0.933,0.7,2.3,3.0,4.7,1.4,0.3,1.3,1.9,7.4,,2025
221.0,Sam Hauser,27.0,BOS,PF,10.0,0.0,20.9,2.7,7.2,0.375,2.0,6.1,0.328,0.7,1.1,0.636,0.514,0.0,0.0,,0.9,3.0,3.9,1.2,0.6,0.3,0.4,0.8,7.4,,2025
222.0,Kris Dunn,30.0,LAC,PG,12.0,1.0,22.4,2.9,5.3,0.556,1.2,2.8,0.424,1.8,2.5,0.7,0.667,0.3,0.7,0.375,0.8,3.1,3.9,3.2,1.0,0.2,0.9,3.0,7.3,,2025
223.0,Ryan Dunn,22.0,PHO,SF,11.0,5.0,17.8,2.8,6.1,0.463,1.5,4.1,0.378,1.3,2.0,0.636,0.59,0.1,0.4,0.25,0.5,1.9,2.4,0.7,0.5,0.5,0.3,2.4,7.3,,2025
224.0,Dalton Knecht,23.0,LAL,SF,11.0,1.0,18.2,2.6,5.9,0.446,1.5,3.9,0.372,1.2,2.0,0.591,0.569,0.5,0.5,1.0,0.4,1.5,1.8,1.3,0.4,0.0,0.5,1.3,7.3,,2025
225.0,Andrew Nembhard,25.0,IND,SG,7.0,7.0,26.7,2.9,7.4,0.385,0.4,1.9,0.231,2.4,5.6,0.436,0.413,1.1,1.4,0.8,0.1,1.9,2.0,4.7,0.9,0.0,1.4,2.1,7.3,,2025
226.0,Kevin Porter Jr.,24.0,LAC,SG,12.0,0.0,15.6,3.0,7.8,0.383,0.4,2.3,0.185,2.6,5.6,0.463,0.41,0.8,1.3,0.625,0.6,2.6,3.2,2.5,0.7,0.2,2.3,1.3,7.3,,2025
227.0,Marcus Smart,30.0,MEM,PG,6.0,5.0,20.3,1.8,6.5,0.282,0.8,3.7,0.227,1.0,2.8,0.353,0.346,2.7,3.2,0.842,1.0,1.2,2.2,3.3,1.2,0.7,1.8,2.2,7.2,,2025
228.0,Kentavious Caldwell-Pope,31.0,ORL,SG,13.0,13.0,29.4,2.3,6.8,0.337,1.0,4.5,0.224,1.3,2.4,0.548,0.41,1.5,1.5,1.0,0.5,2.1,2.5,2.1,1.3,0.6,0.6,2.2,7.1,,2025
229.0,Tristan Da Silva,23.0,ORL,SF,9.0,7.0,25.0,2.7,7.1,0.375,1.1,3.6,0.313,1.6,3.6,0.438,0.453,0.7,0.9,0.75,1.0,2.9,3.9,1.9,0.2,0.3,0.6,1.8,7.1,,2025
230.0,Isaiah Jackson,23.0,IND,PF,5.0,1.0,16.8,2.8,4.6,0.609,0.0,0.0,,2.8,4.6,0.609,0.609,1.4,2.8,0.5,2.2,3.4,5.6,1.0,0.6,1.6,1.0,2.8,7.0,,2025
231.0,Noah Clowney,20.0,BRK,PF,10.0,1.0,16.5,2.3,6.6,0.348,1.4,4.1,0.341,0.9,2.5,0.36,0.455,0.9,1.2,0.75,1.2,2.3,3.5,0.7,0.4,0.6,0.6,2.3,6.9,,2025
232.0,Kyle Lowry,38.0,PHI,PG,11.0,8.0,24.3,2.0,5.0,0.4,1.5,4.0,0.386,0.5,1.0,0.455,0.555,1.4,1.7,0.789,0.5,2.0,2.5,3.6,1.1,0.5,0.9,2.0,6.9,,2025
233.0,Yves Missi,20.0,NOP,C,12.0,7.0,22.7,2.8,5.1,0.557,0.0,0.0,,2.8,5.1,0.557,0.557,1.3,1.9,0.652,2.7,3.6,6.3,1.6,0.5,1.3,0.6,1.3,6.9,,2025
234.0,Georges Niang,31.0,CLE,PF,13.0,0.0,18.2,2.8,5.9,0.468,1.2,3.8,0.32,1.5,2.1,0.741,0.571,0.2,0.2,0.667,0.5,2.6,3.2,1.1,0.5,0.2,0.7,2.2,6.9,,2025
235.0,Gary Trent Jr.,26.0,MIL,SG,10.0,7.0,25.5,2.2,7.1,0.31,1.2,4.5,0.267,1.0,2.6,0.385,0.394,1.3,1.4,0.929,0.0,1.6,1.6,1.0,0.8,0.0,0.7,2.3,6.9,,2025
236.0,Herbert Jones,26.0,NOP,SF,4.0,4.0,28.3,3.0,6.3,0.48,0.5,2.8,0.182,2.5,3.5,0.714,0.52,0.3,0.5,0.5,1.0,1.5,2.5,1.0,1.8,0.3,1.3,2.3,6.8,,2025
237.0,Sam Merrill,28.0,CLE,SG,12.0,0.0,19.7,2.3,5.6,0.403,1.8,5.0,0.367,0.4,0.6,0.714,0.567,0.5,0.5,1.0,0.2,1.5,1.7,1.6,0.7,0.1,0.5,2.0,6.8,,2025
238.0,David Roddy,23.0,ATL,PF,10.0,1.0,18.8,2.4,4.3,0.558,0.9,2.1,0.429,1.5,2.2,0.682,0.663,1.1,1.3,0.846,0.4,3.5,3.9,1.9,0.6,0.2,1.2,1.1,6.8,,2025
239.0,Johnny Juzang,23.0,UTA,SG,7.0,0.0,16.9,2.0,4.4,0.452,1.3,3.3,0.391,0.7,1.1,0.625,0.597,1.4,1.4,1.0,0.3,1.3,1.6,0.9,0.6,0.3,0.4,2.0,6.7,,2025
240.0,Cason Wallace,21.0,OKC,SG,12.0,5.0,25.0,2.8,7.1,0.4,0.8,2.8,0.265,2.1,4.3,0.49,0.453,0.3,0.3,1.0,0.8,2.5,3.3,1.5,1.8,0.4,0.6,1.9,6.7,,2025
241.0,Kyle Filipowski,21.0,UTA,C,9.0,3.0,15.7,2.7,4.9,0.545,0.9,2.3,0.381,1.8,2.6,0.696,0.636,0.3,0.9,0.375,0.6,3.4,4.0,1.7,0.2,0.2,1.0,1.4,6.6,,2025
242.0,Isaiah Stewart,23.0,DET,C,13.0,2.0,21.9,2.5,4.3,0.571,0.1,0.4,0.2,2.4,3.9,0.608,0.58,1.4,1.6,0.857,2.8,4.3,7.2,2.0,0.5,1.2,1.1,3.2,6.4,,2025
243.0,Simone Fontecchio,29.0,DET,SF,12.0,0.0,19.1,1.9,5.2,0.371,1.1,3.4,0.317,0.8,1.8,0.476,0.476,1.4,1.8,0.81,0.8,2.8,3.6,0.9,0.2,0.1,0.7,1.2,6.3,,2025
244.0,Jaxson Hayes,24.0,LAL,C,10.0,1.0,17.5,2.4,3.4,0.706,0.0,0.0,,2.4,3.4,0.706,0.706,1.5,1.9,0.789,1.9,2.7,4.6,0.9,0.3,0.9,0.6,2.7,6.3,,2025
245.0,Jeremiah Robinson-Earl,24.0,NOP,PF,12.0,2.0,18.1,2.3,5.0,0.45,0.8,1.9,0.391,1.5,3.1,0.486,0.525,1.1,1.1,1.0,1.9,1.7,3.6,0.8,0.6,0.1,0.8,1.2,6.3,,2025
246.0,Alec Burks,33.0,MIA,SG,5.0,0.0,18.2,2.0,4.0,0.5,1.8,2.8,0.643,0.2,1.2,0.167,0.725,0.4,0.4,1.0,0.4,1.2,1.6,1.8,0.6,0.2,0.2,0.4,6.2,,2025
247.0,Eric Gordon,36.0,PHI,SG,9.0,1.0,19.7,1.9,4.8,0.395,0.9,2.8,0.32,1.0,2.0,0.5,0.488,1.6,2.0,0.778,0.2,0.7,0.9,1.3,0.2,0.2,1.2,0.9,6.2,,2025
248.0,Jonathan Isaac,27.0,ORL,PF,10.0,0.0,14.8,2.3,4.8,0.479,0.8,2.5,0.32,1.5,2.3,0.652,0.563,0.8,1.2,0.667,1.7,2.7,4.4,0.4,0.8,0.9,0.4,1.1,6.2,,2025
249.0,Neemias Queta,25.0,BOS,C,12.0,3.0,17.8,2.7,4.2,0.64,0.0,0.1,0.0,2.7,4.1,0.653,0.64,0.8,1.0,0.75,1.9,3.3,5.3,0.5,0.2,0.8,0.7,1.8,6.1,,2025
250.0,Ben Simmons,28.0,BRK,PG,8.0,6.0,24.5,2.9,4.6,0.622,0.0,0.0,,2.9,4.6,0.622,0.622,0.4,0.5,0.75,1.0,4.9,5.9,7.1,0.9,0.5,3.3,3.5,6.1,,2025
251.0,Cam Whitmore,20.0,HOU,SF,7.0,0.0,10.6,2.4,6.3,0.386,0.1,2.6,0.056,2.3,3.7,0.615,0.398,1.1,1.7,0.667,0.6,1.0,1.6,0.4,0.1,0.1,0.4,1.1,6.1,,2025
252.0,Keon Ellis,25.0,SAC,SG,11.0,1.0,21.5,2.1,4.2,0.5,0.9,2.5,0.357,1.2,1.6,0.722,0.609,0.9,1.1,0.833,0.8,1.0,1.8,0.8,1.4,0.9,0.9,2.2,6.0,,2025
253.0,Ron Holland,19.0,DET,SF,13.0,1.0,15.5,2.4,5.4,0.443,0.3,2.2,0.143,2.1,3.2,0.643,0.471,0.9,1.2,0.8,0.5,2.3,2.8,0.5,0.5,0.1,0.5,1.4,6.0,,2025
254.0,Svi Mykhailiuk,27.0,UTA,SF,1.0,0.0,15.0,2.0,6.0,0.333,2.0,5.0,0.4,0.0,1.0,0.0,0.5,0.0,0.0,,0.0,1.0,1.0,2.0,1.0,0.0,2.0,2.0,6.0,,2025
255.0,Isaac Okoro,24.0,CLE,SG,13.0,6.0,20.2,2.1,4.4,0.474,1.2,2.5,0.485,0.8,1.8,0.458,0.614,0.6,1.0,0.615,0.8,1.5,2.3,1.5,0.8,0.3,0.2,2.1,6.0,,2025
256.0,Cameron Payne,30.0,NYK,PG,7.0,0.0,14.7,2.4,6.0,0.405,1.1,2.9,0.4,1.3,3.1,0.409,0.5,0.0,0.1,0.0,0.6,1.3,1.9,3.0,0.9,0.3,0.4,2.1,6.0,,2025
257.0,James Wiseman,23.0,IND,C,1.0,0.0,5.0,2.0,4.0,0.5,0.0,1.0,0.0,2.0,3.0,0.667,0.5,2.0,2.0,1.0,0.0,1.0,1.0,0.0,0.0,0.0,0.0,0.0,6.0,,2025
258.0,Kevon Looney,28.0,GSW,PF,10.0,0.0,16.1,2.3,4.8,0.479,0.0,0.0,,2.3,4.8,0.479,0.479,1.2,1.9,0.632,4.4,4.1,8.5,1.6,1.0,0.4,0.7,2.9,5.8,,2025
259.0,Terance Mann,28.0,LAC,SG,12.0,11.0,22.8,2.2,5.4,0.4,0.5,1.9,0.261,1.7,3.5,0.476,0.446,0.9,1.3,0.733,1.4,2.6,4.0,1.8,0.6,0.3,0.7,2.4,5.8,,2025
260.0,Ben Sheppard,23.0,IND,SG,11.0,3.0,19.7,2.2,4.9,0.444,1.5,3.5,0.421,0.7,1.5,0.5,0.593,0.0,0.0,,0.5,1.5,2.0,1.1,0.3,0.3,0.4,2.5,5.8,,2025
261.0,Donovan Clingan,20.0,POR,C,13.0,2.0,15.8,2.2,4.2,0.537,0.1,0.4,0.2,2.2,3.8,0.571,0.546,1.2,1.4,0.833,2.5,3.0,5.5,0.2,0.4,2.1,0.9,2.8,5.7,,2025
262.0,Dean Wade,28.0,CLE,PF,11.0,7.0,22.0,2.0,4.9,0.407,1.5,4.0,0.364,0.5,0.9,0.6,0.556,0.3,0.9,0.3,0.6,3.6,4.3,1.7,0.9,0.4,0.2,1.7,5.7,,2025
263.0,Kyle Anderson,31.0,GSW,SF,10.0,0.0,16.7,2.0,5.5,0.364,0.6,2.4,0.25,1.4,3.1,0.452,0.418,1.0,1.4,0.714,1.0,2.7,3.7,2.6,1.1,0.7,0.3,0.8,5.6,,2025
264.0,Zach Collins,27.0,SAS,PF,12.0,0.0,14.1,1.8,4.1,0.449,0.8,1.7,0.5,1.0,2.4,0.414,0.551,1.1,1.2,0.929,1.2,2.2,3.3,2.3,0.6,0.3,0.8,2.2,5.6,,2025
265.0,Keaton Wallace,25.0,ATL,PG,10.0,1.0,16.3,2.2,5.1,0.431,0.8,2.3,0.348,1.4,2.8,0.5,0.51,0.4,0.4,1.0,0.1,1.3,1.4,1.8,0.8,0.5,1.1,1.0,5.6,,2025
266.0,Brandon Clarke,28.0,MEM,PF,11.0,2.0,15.1,2.4,4.6,0.51,0.1,0.8,0.111,2.3,3.8,0.595,0.52,0.7,1.0,0.727,0.8,2.3,3.1,0.6,0.9,0.1,0.3,1.4,5.5,,2025
267.0,Seth Curry,34.0,CHO,SG,10.0,4.0,17.4,2.0,4.8,0.417,1.2,2.8,0.429,0.8,2.0,0.4,0.542,0.3,0.5,0.6,0.9,1.2,2.1,0.7,0.5,0.1,0.4,1.8,5.5,,2025
268.0,Cam Reddish,25.0,LAL,SF,6.0,3.0,21.3,2.0,2.8,0.706,0.8,1.2,0.714,1.2,1.7,0.7,0.853,0.7,1.3,0.5,0.7,2.8,3.5,0.8,1.2,0.3,0.5,1.5,5.5,,2025
269.0,Jamison Battle,23.0,TOR,SF,11.0,0.0,14.4,1.8,4.6,0.392,1.1,3.3,0.333,0.7,1.4,0.533,0.51,0.5,0.7,0.75,0.9,1.7,2.6,0.9,0.0,0.2,0.4,1.7,5.3,,2025
270.0,Ajay Mitchell,22.0,OKC,SG,12.0,0.0,15.2,2.2,4.1,0.531,0.4,0.9,0.455,1.8,3.2,0.553,0.582,0.5,0.6,0.857,0.2,1.4,1.6,1.9,0.9,0.1,0.8,1.6,5.3,,2025
271.0,Jarace Walker,21.0,IND,PF,11.0,0.0,14.5,2.0,4.3,0.468,0.8,2.0,0.409,1.2,2.3,0.52,0.564,0.5,0.6,0.714,0.5,2.4,2.8,1.1,1.3,0.3,0.8,1.5,5.3,,2025
272.0,Jonathan Mogbo,23.0,TOR,PF,12.0,1.0,15.6,1.8,3.6,0.488,0.1,0.5,0.167,1.7,3.1,0.541,0.5,1.6,2.3,0.704,2.3,1.8,4.1,1.8,1.0,0.6,0.9,2.3,5.2,,2025
273.0,Jared Butler,24.0,WAS,SG,8.0,0.0,9.1,1.8,3.9,0.452,0.1,0.6,0.2,1.6,3.3,0.5,0.468,1.5,2.1,0.706,0.3,0.6,0.9,2.5,0.6,0.3,0.3,0.9,5.1,,2025
274.0,Javonte Green,31.0,NOP,SG,12.0,2.0,22.7,1.8,4.4,0.396,0.7,1.8,0.381,1.1,2.7,0.406,0.472,0.9,1.2,0.786,0.8,2.5,3.3,0.8,1.3,0.4,0.3,1.2,5.1,,2025
275.0,Brice Sensabaugh,21.0,UTA,SF,9.0,0.0,12.6,1.7,3.8,0.441,0.9,2.4,0.364,0.8,1.3,0.583,0.559,0.9,1.0,0.889,0.7,1.2,1.9,0.4,0.3,0.0,1.2,0.3,5.1,,2025
276.0,Bol Bol,25.0,PHO,PF,1.0,0.0,6.0,1.0,2.0,0.5,0.0,0.0,,1.0,2.0,0.5,0.5,3.0,3.0,1.0,1.0,0.0,1.0,0.0,0.0,0.0,0.0,0.0,5.0,,2025
277.0,Keon Johnson,22.0,BRK,SG,11.0,0.0,13.4,1.8,4.9,0.37,1.0,3.0,0.333,0.8,1.9,0.429,0.472,0.4,0.5,0.8,0.5,2.5,3.0,0.9,0.3,0.4,0.8,1.5,5.0,,2025
278.0,Pelle Larsson,23.0,MIA,SG,7.0,0.0,13.9,1.7,3.3,0.522,0.7,1.7,0.417,1.0,1.6,0.636,0.63,0.9,1.4,0.6,0.3,0.9,1.1,1.6,0.6,0.0,0.6,1.6,5.0,,2025
279.0,Gary Payton II,32.0,GSW,PG,11.0,2.0,11.9,2.2,3.1,0.706,0.2,0.6,0.286,2.0,2.5,0.815,0.735,0.5,0.7,0.625,0.8,0.8,1.6,1.2,0.6,0.4,0.5,1.5,5.0,,2025
280.0,Mason Plumlee,34.0,PHO,C,12.0,1.0,17.3,1.9,3.1,0.622,0.0,0.0,,1.9,3.1,0.622,0.622,1.2,2.3,0.519,1.3,4.4,5.8,1.4,0.3,0.5,0.6,1.9,5.0,,2025
281.0,Jamal Shead,22.0,TOR,PG,12.0,0.0,15.8,1.9,5.2,0.371,0.4,1.8,0.227,1.5,3.3,0.45,0.411,0.8,0.8,0.9,0.1,0.8,0.9,3.6,0.4,0.2,1.7,1.8,5.0,,2025
282.0,Lindy Waters III,27.0,GSW,SG,9.0,1.0,13.7,1.9,4.0,0.472,1.0,2.7,0.375,0.9,1.3,0.667,0.597,0.2,0.2,1.0,0.4,1.4,1.9,1.4,0.3,0.1,0.0,1.0,5.0,,2025
283.0,Kenrich Williams,30.0,OKC,PF,2.0,0.0,10.0,2.0,2.5,0.8,1.0,1.5,0.667,1.0,1.0,1.0,1.0,0.0,0.0,,0.0,0.5,0.5,0.5,0.0,0.5,0.0,1.0,5.0,,2025
284.0,Jock Landale,29.0,HOU,C,8.0,0.0,11.8,1.9,3.8,0.5,0.4,0.6,0.6,1.5,3.1,0.48,0.55,0.8,1.3,0.6,1.4,1.9,3.3,0.9,0.3,0.3,0.4,1.3,4.9,,2025
285.0,KJ Martin,24.0,PHI,SF,9.0,1.0,17.4,1.9,3.0,0.63,0.2,0.4,0.5,1.7,2.6,0.652,0.667,0.9,1.1,0.8,0.4,2.1,2.6,0.6,0.3,0.7,0.1,2.4,4.9,,2025
286.0,Trey Lyles,29.0,SAC,PF,12.0,0.0,16.4,1.6,4.8,0.333,1.0,3.5,0.286,0.6,1.3,0.467,0.439,0.6,0.7,0.875,0.6,2.8,3.3,0.8,0.5,0.7,0.4,1.3,4.8,,2025
287.0,Paul Reed,25.0,DET,PF,6.0,0.0,10.3,2.0,3.2,0.632,0.2,0.3,0.5,1.8,2.8,0.647,0.658,0.7,0.8,0.8,0.7,1.0,1.7,0.5,0.7,0.7,1.0,2.5,4.8,,2025
288.0,Lonzo Ball,27.0,CHI,PG,3.0,0.0,15.7,1.7,4.7,0.357,1.3,4.0,0.333,0.3,0.7,0.5,0.5,0.0,0.0,,0.0,2.7,2.7,3.7,0.0,0.3,1.0,1.3,4.7,,2025
289.0,Taylor Hendricks,21.0,UTA,PF,3.0,3.0,25.0,1.3,6.0,0.222,1.0,4.0,0.25,0.3,2.0,0.167,0.306,1.0,1.3,0.75,1.7,3.3,5.0,0.7,1.7,1.3,0.7,2.7,4.7,,2025
290.0,Cole Anthony,24.0,ORL,PG,11.0,0.0,11.2,1.5,4.2,0.348,0.5,2.0,0.273,0.9,2.2,0.417,0.413,1.2,1.7,0.684,0.4,2.2,2.5,2.0,0.7,0.1,1.3,1.3,4.6,,2025
291.0,Jamal Cain,25.0,NOP,SF,8.0,0.0,11.8,1.6,3.1,0.52,0.8,1.8,0.429,0.9,1.4,0.636,0.64,0.6,0.9,0.714,0.6,1.4,2.0,0.3,0.1,0.3,0.6,1.3,4.6,,2025
292.0,Josh Green,24.0,CHO,SG,9.0,8.0,23.1,1.6,4.1,0.378,1.1,2.6,0.435,0.4,1.6,0.286,0.514,0.3,0.6,0.6,0.4,1.1,1.6,1.1,0.4,0.4,0.8,2.9,4.6,,2025
293.0,Pat Connaughton,32.0,MIL,SG,12.0,0.0,17.3,1.5,4.5,0.333,0.8,3.0,0.278,0.7,1.5,0.444,0.426,0.7,0.8,0.8,0.4,2.1,2.5,1.8,0.3,0.2,0.8,1.1,4.5,,2025
294.0,Talen Horton-Tucker,24.0,CHI,SG,8.0,0.0,10.5,1.5,3.3,0.462,0.4,1.3,0.3,1.1,2.0,0.563,0.519,1.1,1.6,0.692,0.4,1.8,2.1,1.5,0.0,0.1,0.4,0.8,4.5,,2025
295.0,Vit Krejci,24.0,ATL,PG,4.0,0.0,14.0,1.5,3.5,0.429,0.5,1.8,0.286,1.0,1.8,0.571,0.5,1.0,1.8,0.571,0.3,1.0,1.3,1.0,0.8,0.3,1.0,2.3,4.5,,2025
296.0,Kevin Love,36.0,MIA,PF,2.0,2.0,11.5,1.5,5.5,0.273,1.0,4.0,0.25,0.5,1.5,0.333,0.364,0.5,0.5,1.0,1.0,3.0,4.0,1.0,1.0,0.0,0.0,0.0,4.5,,2025
297.0,Julian Phillips,21.0,CHI,SF,12.0,0.0,13.3,1.7,3.6,0.465,0.8,2.0,0.375,0.9,1.6,0.579,0.57,0.4,0.8,0.5,0.9,0.8,1.8,0.3,0.8,0.2,0.4,1.2,4.5,,2025
298.0,Blake Wesley,21.0,SAS,SG,11.0,0.0,11.5,1.8,3.7,0.488,0.2,0.8,0.222,1.6,2.9,0.563,0.512,0.6,0.8,0.778,0.2,0.5,0.6,1.8,0.5,0.0,1.2,0.7,4.5,,2025
299.0,Sandro Mamukelashvili,25.0,SAS,PF,9.0,0.0,8.4,1.7,2.8,0.6,1.0,1.9,0.529,0.7,0.9,0.75,0.78,0.1,0.1,1.0,0.6,2.0,2.6,0.2,0.1,0.4,0.9,0.7,4.4,,2025
300.0,Spencer Dinwiddie,31.0,DAL,PG,10.0,0.0,17.8,1.4,4.1,0.341,0.8,2.8,0.286,0.6,1.3,0.462,0.439,0.7,1.0,0.7,0.1,0.9,1.0,1.9,0.2,0.2,0.5,1.4,4.3,,2025
301.0,Jett Howard,21.0,ORL,SF,13.0,0.0,9.3,1.5,3.8,0.388,1.2,3.2,0.39,0.2,0.6,0.375,0.551,0.2,0.2,1.0,0.1,0.8,0.8,0.2,0.1,0.3,0.4,0.8,4.3,,2025
302.0,Quenton Jackson,26.0,IND,PG,3.0,0.0,11.7,1.7,3.3,0.5,0.3,1.3,0.25,1.3,2.0,0.667,0.55,0.7,0.7,1.0,0.3,1.0,1.3,1.7,0.3,0.0,0.7,1.3,4.3,,2025
303.0,Luke Kornet,29.0,BOS,C,12.0,2.0,16.7,1.5,2.4,0.621,0.0,0.0,,1.5,2.4,0.621,0.621,1.3,1.4,0.941,1.8,1.9,3.8,1.6,0.5,0.8,0.3,1.4,4.3,,2025
304.0,Alex Caruso,30.0,OKC,PG,11.0,0.0,19.5,1.5,5.0,0.309,0.6,2.9,0.219,0.9,2.1,0.435,0.373,0.5,0.6,0.714,0.8,2.1,2.9,2.3,1.7,0.6,0.6,2.9,4.2,,2025
305.0,Gary Harris,30.0,ORL,SG,11.0,0.0,17.4,1.5,4.0,0.364,1.1,3.1,0.353,0.4,0.9,0.4,0.5,0.2,0.3,0.667,0.5,1.1,1.5,0.5,0.3,0.5,0.5,0.4,4.2,,2025
306.0,Kris Murray,24.0,POR,SF,12.0,0.0,13.9,1.6,3.6,0.442,0.5,1.4,0.353,1.1,2.2,0.5,0.512,0.5,1.3,0.4,1.3,1.4,2.7,0.8,0.6,0.1,0.5,0.9,4.2,,2025
307.0,Thomas Bryant,27.0,MIA,C,7.0,0.0,12.7,1.4,3.0,0.476,0.6,1.6,0.364,0.9,1.4,0.6,0.571,0.7,0.7,1.0,0.9,2.7,3.6,0.6,0.1,0.7,0.1,1.0,4.1,,2025
308.0,Ousmane Dieng,21.0,OKC,SF,12.0,0.0,12.3,1.5,4.1,0.367,0.7,2.3,0.286,0.8,1.8,0.476,0.449,0.4,0.6,0.714,0.6,2.3,2.8,0.9,0.7,0.3,0.1,1.1,4.1,,2025
309.0,Monte Morris,29.0,PHO,PG,8.0,0.0,10.5,1.4,3.4,0.407,0.6,1.8,0.357,0.8,1.6,0.462,0.5,0.8,1.0,0.75,0.3,0.8,1.0,1.5,0.5,0.3,0.1,0.3,4.1,,2025
310.0,Dalen Terry,22.0,CHI,SG,12.0,0.0,12.8,1.4,3.0,0.472,0.3,0.9,0.273,1.2,2.1,0.56,0.514,1.0,1.4,0.706,0.9,1.1,2.0,0.9,0.5,0.4,0.8,1.4,4.1,,2025
311.0,Aaron Holiday,28.0,HOU,PG,5.0,0.0,9.6,1.2,2.6,0.462,0.6,1.6,0.375,0.6,1.0,0.6,0.577,1.0,1.0,1.0,0.0,0.6,0.6,1.6,0.2,0.0,0.4,0.6,4.0,,2025
312.0,DeAndre Jordan,36.0,DEN,C,2.0,0.0,10.0,2.0,4.0,0.5,0.0,0.0,,2.0,4.0,0.5,0.5,0.0,1.0,0.0,3.5,3.0,6.5,1.0,0.0,0.5,2.5,1.5,4.0,,2025
313.0,Tyler Kolek,23.0,NYK,PG,7.0,0.0,6.7,1.3,1.9,0.692,0.9,1.1,0.75,0.4,0.7,0.6,0.923,0.6,0.6,1.0,0.3,0.4,0.7,0.4,0.3,0.0,0.7,0.4,4.0,,2025
314.0,Drew Eubanks,27.0,UTA,C,7.0,0.0,12.6,1.4,2.6,0.556,0.1,0.4,0.333,1.3,2.1,0.6,0.583,0.9,1.0,0.857,1.4,2.4,3.9,1.3,0.1,0.6,0.9,1.0,3.9,,2025
315.0,Max Christie,21.0,LAL,SG,10.0,0.0,13.1,1.1,3.3,0.333,0.5,1.7,0.294,0.6,1.6,0.375,0.409,1.1,1.2,0.917,0.5,1.3,1.8,1.0,0.5,0.2,0.6,1.3,3.8,,2025
316.0,Taj Gibson,39.0,CHO,PF,6.0,5.0,12.7,1.7,3.0,0.556,0.2,0.3,0.5,1.5,2.7,0.563,0.583,0.3,0.5,0.667,1.8,2.3,4.2,0.2,0.2,0.5,0.8,2.2,3.8,,2025
317.0,Reggie Jackson,34.0,PHI,PG,5.0,0.0,11.2,1.4,4.0,0.35,1.0,2.4,0.417,0.4,1.6,0.25,0.475,0.0,0.0,,0.0,1.2,1.2,2.2,0.4,0.0,0.6,1.0,3.8,,2025
318.0,Rayan Rupert,20.0,POR,SG,12.0,0.0,10.8,1.5,3.0,0.5,0.5,1.3,0.375,1.0,1.7,0.6,0.583,0.3,0.5,0.667,0.7,1.0,1.7,0.3,0.5,0.1,0.5,0.8,3.8,,2025
319.0,Cody Williams,20.0,UTA,SG,10.0,7.0,22.1,1.4,5.3,0.264,0.5,2.9,0.172,0.9,2.4,0.375,0.311,0.5,0.8,0.625,0.6,1.9,2.5,1.4,0.6,0.3,0.9,1.0,3.8,,2025
320.0,Isaiah Collier,20.0,UTA,PG,3.0,1.0,14.7,1.7,4.0,0.417,0.0,2.0,0.0,1.7,2.0,0.833,0.417,0.3,1.3,0.25,0.0,2.3,2.3,2.0,0.3,0.3,0.7,1.0,3.7,,2025
321.0,Nicolas Batum,36.0,LAC,SF,12.0,0.0,17.4,1.3,3.4,0.366,0.8,2.5,0.3,0.5,0.9,0.545,0.476,0.3,0.5,0.667,0.7,2.1,2.8,1.8,0.5,0.8,0.5,1.6,3.6,,2025
322.0,Bruno Fernando,26.0,TOR,C,9.0,0.0,9.0,1.6,3.2,0.483,0.0,0.0,,1.6,3.2,0.483,0.483,0.4,0.4,1.0,1.7,2.0,3.7,1.0,0.1,0.8,0.7,2.0,3.6,,2025
323.0,Quentin Grimes,24.0,DAL,SG,10.0,0.0,13.7,1.3,3.2,0.406,0.7,1.9,0.368,0.6,1.3,0.462,0.516,0.3,0.5,0.6,0.4,2.1,2.5,0.4,0.5,0.1,0.3,1.5,3.6,,2025
324.0,Patty Mills,36.0,UTA,PG,9.0,0.0,15.3,1.2,3.4,0.355,0.8,2.7,0.292,0.4,0.8,0.571,0.468,0.3,0.3,1.0,0.1,0.8,0.9,1.4,0.7,0.2,0.9,0.9,3.6,,2025
325.0,Reed Sheppard,20.0,HOU,SG,12.0,0.0,11.9,1.5,3.5,0.429,0.6,1.8,0.333,0.9,1.8,0.524,0.512,0.0,0.0,,0.4,0.9,1.3,1.6,0.3,0.1,0.7,0.9,3.6,,2025
326.0,Daniel Theis,32.0,NOP,C,11.0,5.0,14.3,1.5,3.3,0.444,0.2,0.9,0.2,1.3,2.4,0.538,0.472,0.5,0.7,0.75,0.7,2.8,3.5,1.4,0.3,0.6,0.7,1.3,3.6,,2025
327.0,Moussa Diabaté,23.0,CHO,PF,11.0,0.0,15.6,1.6,2.5,0.643,0.0,0.0,,1.6,2.5,0.643,0.643,0.3,0.7,0.375,2.4,4.6,7.0,0.5,0.3,0.7,0.7,1.3,3.5,,2025
328.0,Jaden Hardy,22.0,DAL,SG,10.0,0.0,11.7,1.2,3.7,0.324,0.7,2.5,0.28,0.5,1.2,0.417,0.419,0.4,0.4,1.0,0.3,0.7,1.0,1.3,0.3,0.1,1.1,1.1,3.5,,2025
329.0,Steven Adams,31.0,HOU,C,5.0,0.0,13.6,1.4,2.2,0.636,0.0,0.0,,1.4,2.2,0.636,0.636,0.6,1.6,0.375,1.8,1.8,3.6,1.6,0.4,0.0,1.8,1.8,3.4,,2025
330.0,Josh Richardson,31.0,MIA,SG,5.0,0.0,17.2,1.2,4.0,0.3,0.6,2.0,0.3,0.6,2.0,0.3,0.375,0.4,0.4,1.0,1.0,0.8,1.8,1.2,1.2,0.0,1.2,2.6,3.4,,2025
331.0,Marvin Bagley III,25.0,WAS,PF,7.0,0.0,6.1,1.3,2.6,0.5,0.0,0.4,0.0,1.3,2.1,0.6,0.5,0.7,1.0,0.714,1.0,1.6,2.6,0.3,0.0,0.1,0.7,0.1,3.3,,2025
332.0,Chris Duarte,27.0,CHI,SG,4.0,0.0,4.0,0.8,1.3,0.6,0.8,1.3,0.6,0.0,0.0,,0.9,1.0,1.5,0.667,0.0,0.5,0.5,0.5,0.0,0.0,0.0,0.0,3.3,,2025
333.0,Bones Hyland,24.0,LAC,PG,3.0,0.0,4.3,1.0,3.0,0.333,0.7,1.3,0.5,0.3,1.7,0.2,0.444,0.7,0.7,1.0,0.3,0.3,0.7,0.0,0.3,0.3,0.3,0.3,3.3,,2025
334.0,John Konchar,28.0,MEM,SG,6.0,0.0,18.5,1.0,2.3,0.429,0.7,2.0,0.333,0.3,0.3,1.0,0.571,0.5,0.7,0.75,1.2,3.0,4.2,1.3,0.5,0.8,0.5,1.0,3.2,,2025
335.0,Ryan Rollins,22.0,MIL,PG,9.0,1.0,7.6,1.1,2.6,0.435,0.7,1.2,0.545,0.4,1.3,0.333,0.565,0.3,0.4,0.75,0.3,0.9,1.2,1.0,0.8,0.4,0.8,0.9,3.2,,2025
336.0,Johnny Davis,22.0,WAS,SG,8.0,0.0,7.9,1.4,2.6,0.524,0.3,0.4,0.667,1.1,2.3,0.5,0.571,0.1,0.3,0.5,0.5,0.9,1.4,0.3,0.1,0.0,0.1,1.0,3.1,,2025
337.0,David Duke Jr.,25.0,SAS,SG,1.0,0.0,8.0,1.0,4.0,0.25,0.0,1.0,0.0,1.0,3.0,0.333,0.25,1.0,2.0,0.5,0.0,0.0,0.0,2.0,0.0,0.0,0.0,1.0,3.0,,2025
338.0,Collin Gillespie,25.0,PHO,PG,1.0,0.0,3.0,1.0,2.0,0.5,1.0,1.0,1.0,0.0,1.0,0.0,0.75,0.0,0.0,,0.0,0.0,0.0,0.0,0.0,0.0,0.0,0.0,3.0,,2025
339.0,Richaun Holmes,31.0,WAS,PF,2.0,0.0,4.0,1.5,3.0,0.5,0.0,0.5,0.0,1.5,2.5,0.6,0.5,0.0,0.0,,0.5,0.5,1.0,0.0,0.0,0.0,0.0,0.5,3.0,,2025
340.0,Andre Jackson Jr.,23.0,MIL,SG,11.0,3.0,17.3,1.2,2.8,0.419,0.5,1.5,0.294,0.7,1.3,0.571,0.5,0.2,0.5,0.333,0.4,2.0,2.4,1.6,0.9,0.4,1.4,2.5,3.0,,2025
341.0,Tre Jones,25.0,SAS,PG,1.0,0.0,16.0,0.0,2.0,0.0,0.0,0.0,,0.0,2.0,0.0,0.0,3.0,4.0,0.75,1.0,0.0,1.0,3.0,1.0,0.0,0.0,0.0,3.0,,2025
342.0,Damion Lee,32.0,PHO,SG,2.0,0.0,14.5,1.0,3.5,0.286,0.0,2.0,0.0,1.0,1.5,0.667,0.286,1.0,1.0,1.0,0.0,1.5,1.5,1.5,0.0,0.0,1.0,0.5,3.0,,2025
343.0,Jordan Miller,25.0,LAC,SF,3.0,0.0,6.7,1.0,3.0,0.333,0.3,1.3,0.25,0.7,1.7,0.4,0.389,0.7,1.0,0.667,0.7,0.3,1.0,0.3,0.0,0.0,1.0,0.3,3.0,,2025
344.0,Tidjane Salaün,19.0,CHO,PF,9.0,2.0,17.2,1.1,4.4,0.25,0.7,3.0,0.222,0.4,1.4,0.308,0.325,0.1,0.4,0.25,0.9,3.1,4.0,1.0,0.3,0.0,0.9,0.9,3.0,,2025
345.0,Marcus Sasser,24.0,DET,PG,5.0,0.0,10.0,1.2,1.8,0.667,0.2,0.6,0.333,1.0,1.2,0.833,0.722,0.4,0.4,1.0,0.2,0.2,0.4,0.8,0.4,0.2,0.2,0.2,3.0,,2025
346.0,Hunter Tyson,24.0,DEN,PF,6.0,0.0,12.7,1.2,2.2,0.538,0.2,1.0,0.167,1.0,1.2,0.857,0.577,0.5,0.5,1.0,0.3,1.8,2.2,0.7,0.3,0.2,0.5,1.8,3.0,,2025
347.0,Kel'el Ware,20.0,MIA,C,6.0,0.0,7.2,1.3,3.0,0.444,0.3,0.8,0.4,1.0,2.2,0.462,0.5,0.0,0.0,,0.0,1.3,1.3,0.0,0.3,0.7,0.5,1.0,3.0,,2025
348.0,Jeenathan Williams,25.0,HOU,SG,1.0,0.0,2.0,1.0,1.0,1.0,1.0,1.0,1.0,0.0,0.0,,1.5,0.0,0.0,,0.0,2.0,2.0,0.0,0.0,0.0,0.0,0.0,3.0,,2025
349.0,Gabe Vincent,28.0,LAL,PG,11.0,0.0,17.6,1.2,4.4,0.271,0.5,2.7,0.167,0.7,1.6,0.444,0.323,0.1,0.2,0.5,0.2,0.6,0.8,0.5,0.5,0.0,0.6,1.5,2.9,,2025
350.0,Rob Dillingham,20.0,MIN,PG,5.0,0.0,5.6,1.2,1.8,0.667,0.4,0.6,0.667,0.8,1.2,0.667,0.778,0.0,0.0,,0.0,0.6,0.6,1.4,0.0,0.0,1.0,0.2,2.8,,2025
351.0,Vasilije Micić,31.0,CHO,PG,4.0,0.0,14.5,1.0,5.8,0.174,0.3,2.0,0.125,0.8,3.8,0.2,0.196,0.5,1.0,0.5,1.3,2.3,3.5,1.0,0.5,0.0,1.3,0.8,2.8,,2025
352.0,Wendell Moore Jr.,23.0,DET,SG,4.0,0.0,7.8,1.3,2.3,0.556,0.3,0.5,0.5,1.0,1.8,0.571,0.611,0.0,0.0,,0.5,0.8,1.3,0.3,0.3,0.0,0.5,0.5,2.8,,2025
353.0,Jabari Walker,22.0,POR,SF,11.0,0.0,8.4,1.0,2.5,0.407,0.2,0.8,0.222,0.8,1.6,0.5,0.444,0.6,0.7,0.875,0.8,1.7,2.5,0.3,0.2,0.1,0.5,1.1,2.8,,2025
354.0,Jeff Green,38.0,HOU,PF,3.0,0.0,4.0,1.0,1.0,1.0,0.7,0.7,1.0,0.3,0.3,1.0,1.333,0.0,0.0,,0.0,0.3,0.3,0.3,0.3,0.0,0.3,0.3,2.7,,2025
355.0,Oso Ighodaro,22.0,PHO,PF,7.0,0.0,11.0,1.1,2.0,0.571,0.0,0.0,,1.1,2.0,0.571,0.571,0.4,0.4,1.0,1.0,2.4,3.4,0.1,0.3,0.4,0.6,1.6,2.7,,2025
356.0,Patrick Baldwin Jr.,22.0,WAS,SF,7.0,0.0,5.3,1.0,2.4,0.412,0.4,1.3,0.333,0.6,1.1,0.5,0.5,0.1,0.3,0.5,0.3,0.7,1.0,0.1,0.3,0.1,0.1,0.4,2.6,,2025
357.0,Maxi Kleber,33.0,DAL,PF,2.0,0.0,15.5,1.0,2.5,0.4,0.5,1.0,0.5,0.5,1.5,0.333,0.5,0.0,0.0,,0.0,2.5,2.5,1.5,0.0,0.5,0.0,1.5,2.5,,2025
358.0,Doug McDermott,33.0,SAC,SF,8.0,1.0,8.6,0.8,3.0,0.25,0.6,2.6,0.238,0.1,0.4,0.333,0.354,0.4,0.6,0.6,0.0,0.6,0.6,0.1,0.1,0.1,0.0,0.6,2.5,,2025
359.0,Tyler Smith,20.0,MIL,PF,8.0,0.0,3.6,1.0,1.5,0.667,0.4,0.9,0.429,0.6,0.6,1.0,0.792,0.1,0.3,0.5,0.1,0.6,0.8,0.0,0.0,0.3,0.3,0.5,2.5,,2025
360.0,Ja'Kobe Walter,20.0,TOR,SG,4.0,0.0,12.3,0.8,4.0,0.188,0.3,1.5,0.167,0.5,2.5,0.2,0.219,0.8,1.3,0.6,1.0,1.8,2.8,0.8,0.0,0.3,0.0,2.0,2.5,,2025
361.0,Shake Milton,28.0,BRK,SG,9.0,0.0,10.9,0.8,2.0,0.389,0.7,1.7,0.4,0.1,0.3,0.333,0.556,0.2,0.2,1.0,0.2,0.6,0.8,1.6,0.2,0.0,0.2,0.8,2.4,,2025
362.0,Dwight Powell,33.0,DAL,C,9.0,0.0,9.3,0.7,0.8,0.857,0.0,0.0,,0.7,0.8,0.857,0.857,1.1,1.6,0.714,0.8,1.6,2.3,0.6,0.3,0.4,0.3,1.8,2.4,,2025
363.0,Ricky Council IV,23.0,PHI,SG,8.0,0.0,8.0,0.6,2.4,0.263,0.3,1.1,0.222,0.4,1.3,0.3,0.316,0.8,0.8,1.0,0.3,0.6,0.9,0.8,0.0,0.0,0.3,0.3,2.3,,2025
364.0,Matas Buzelis,20.0,CHI,SF,11.0,0.0,8.5,0.7,2.8,0.258,0.3,1.4,0.2,0.5,1.5,0.313,0.306,0.5,0.7,0.625,0.5,1.5,2.0,0.3,0.5,0.5,0.6,0.8,2.2,,2025
365.0,Jeff Dowtin,27.0,PHI,PG,6.0,0.0,9.2,0.8,2.7,0.313,0.2,1.0,0.167,0.7,1.7,0.4,0.344,0.3,0.3,1.0,0.3,0.5,0.8,0.5,0.5,0.0,0.0,0.3,2.2,,2025
366.0,Zeke Nnaji,24.0,DEN,PF,6.0,0.0,7.2,1.0,1.8,0.545,0.0,0.7,0.0,1.0,1.2,0.857,0.545,0.2,0.7,0.25,0.3,0.7,1.0,0.5,0.0,0.3,0.0,0.7,2.2,,2025
367.0,Kai Jones,24.0,LAC,C,9.0,0.0,8.2,0.9,1.3,0.667,0.0,0.0,,0.9,1.3,0.667,0.667,0.3,0.6,0.6,1.0,0.9,1.9,0.3,0.0,0.7,0.4,0.8,2.1,,2025
368.0,Jordan McLaughlin,28.0,SAC,PG,9.0,0.0,6.4,0.8,1.8,0.438,0.3,1.0,0.333,0.4,0.8,0.571,0.531,0.2,0.2,1.0,0.1,0.4,0.6,0.6,0.6,0.0,0.4,0.6,2.1,,2025
369.0,Kobe Brown,25.0,LAC,PF,3.0,0.0,5.3,1.0,2.0,0.5,0.0,0.7,0.0,1.0,1.3,0.75,0.5,0.0,0.0,,0.7,1.3,2.0,0.7,0.0,0.0,0.0,0.0,2.0,,2025
370.0,Ulrich Chomche,19.0,TOR,PF,1.0,0.0,5.0,1.0,1.0,1.0,0.0,0.0,,1.0,1.0,1.0,1.0,0.0,0.0,,0.0,1.0,1.0,0.0,0.0,0.0,0.0,0.0,2.0,,2025
371.0,Luka Garza,26.0,MIN,PF,4.0,0.0,4.3,1.0,2.8,0.364,0.0,1.0,0.0,1.0,1.8,0.571,0.364,0.0,0.3,0.0,0.3,1.0,1.3,0.0,0.0,0.0,0.5,0.3,2.0,,2025
372.0,Trey Jemison,25.0,NOP,C,6.0,0.0,7.7,0.8,1.8,0.455,0.0,0.0,,0.8,1.8,0.455,0.455,0.3,0.7,0.5,2.0,1.5,3.5,0.7,0.2,0.5,0.8,1.5,2.0,,2025
373.0,Christian Koloko,24.0,LAL,C,3.0,0.0,9.3,1.0,1.3,0.75,0.0,0.0,,1.0,1.3,0.75,0.75,0.0,0.0,,0.3,1.0,1.3,0.3,0.3,0.3,0.7,1.0,2.0,,2025
374.0,Tyrese Martin,25.0,BRK,SG,3.0,0.0,6.7,0.7,2.0,0.333,0.7,1.7,0.4,0.0,0.3,0.0,0.5,0.0,0.0,,0.0,0.3,0.3,0.0,0.0,0.0,0.3,0.0,2.0,,2025
375.0,Alex Reese,25.0,OKC,PF,1.0,0.0,2.0,1.0,1.0,1.0,0.0,0.0,,1.0,1.0,1.0,1.0,0.0,0.0,,1.0,0.0,1.0,0.0,0.0,0.0,0.0,0.0,2.0,,2025
376.0,Antonio Reeves,24.0,NOP,SG,7.0,0.0,6.4,0.9,2.7,0.316,0.3,1.6,0.182,0.6,1.1,0.5,0.368,0.0,0.0,,0.0,0.9,0.9,0.1,0.4,0.0,0.1,0.1,2.0,,2025
377.0,Adama Sanogo,22.0,CHI,C,3.0,0.0,4.7,1.0,1.7,0.6,0.0,0.0,,1.0,1.7,0.6,0.6,0.0,0.0,,0.7,0.0,0.7,0.3,0.0,0.0,0.3,0.3,2.0,,2025
378.0,KJ Simpson,22.0,CHO,PG,1.0,0.0,7.0,1.0,2.0,0.5,0.0,1.0,0.0,1.0,1.0,1.0,0.5,0.0,0.0,,2.0,1.0,3.0,1.0,0.0,0.0,0.0,0.0,2.0,,2025
379.0,Jae'Sean Tate,29.0,HOU,SF,4.0,0.0,3.8,0.8,1.5,0.5,0.0,0.3,0.0,0.8,1.3,0.6,0.5,0.5,1.0,0.5,0.5,1.5,2.0,0.5,0.3,0.0,0.5,0.8,2.0,,2025
380.0,Tristan Thompson,33.0,CLE,PF,5.0,0.0,5.2,1.0,1.4,0.714,0.0,0.0,,1.0,1.4,0.714,0.714,0.0,1.0,0.0,0.0,1.0,1.0,0.2,0.0,0.0,0.4,0.2,2.0,,2025
381.0,Luke Travers,23.0,CLE,SG,2.0,0.0,3.5,0.5,0.5,1.0,0.0,0.0,,0.5,0.5,1.0,1.0,1.0,1.0,1.0,0.5,1.0,1.5,1.0,0.0,0.5,0.0,1.5,2.0,,2025
382.0,MarJon Beauchamp,24.0,MIL,SF,8.0,0.0,3.4,0.6,1.8,0.357,0.1,0.8,0.167,0.5,1.0,0.5,0.393,0.5,0.5,1.0,0.3,0.5,0.8,0.1,0.1,0.0,0.9,0.4,1.9,,2025
383.0,Delon Wright,32.0,MIL,PG,9.0,1.0,15.8,0.8,2.6,0.304,0.3,1.4,0.231,0.4,1.1,0.4,0.37,0.0,0.0,,0.3,0.9,1.2,1.8,1.0,0.2,0.4,0.8,1.9,,2025
384.0,Adam Flagler,25.0,OKC,SG,5.0,0.0,2.2,0.6,0.6,1.0,0.6,0.6,1.0,0.0,0.0,,1.5,0.0,0.0,,0.0,0.2,0.2,0.0,0.2,0.0,0.0,0.4,1.8,,2025
385.0,Johnny Furphy,20.0,IND,SG,4.0,0.0,5.5,0.8,3.0,0.25,0.0,1.0,0.0,0.8,2.0,0.375,0.25,0.3,0.3,1.0,0.5,0.5,1.0,0.0,0.3,0.0,0.3,0.0,1.8,,2025
386.0,Craig Porter Jr.,24.0,CLE,PG,8.0,0.0,5.4,0.8,1.3,0.6,0.1,0.4,0.333,0.6,0.9,0.714,0.65,0.1,0.3,0.5,0.0,0.6,0.6,0.9,0.0,0.5,0.4,0.1,1.8,,2025
387.0,Nick Smith Jr.,20.0,CHO,SG,4.0,0.0,5.3,0.8,2.5,0.3,0.3,1.3,0.2,0.5,1.3,0.4,0.35,0.0,0.0,,0.0,0.3,0.3,0.3,0.3,0.0,0.3,0.3,1.8,,2025
388.0,Liam Robbins,25.0,MIL,C,3.0,0.0,5.7,0.7,1.0,0.667,0.0,0.3,0.0,0.7,0.7,1.0,0.667,0.3,1.3,0.25,0.7,0.3,1.0,0.0,0.0,0.0,0.0,1.0,1.7,,2025
389.0,Dillon Jones,23.0,OKC,SF,11.0,0.0,6.8,0.7,2.5,0.296,0.1,1.4,0.067,0.6,1.1,0.583,0.315,0.1,0.4,0.25,0.6,1.1,1.7,0.5,0.2,0.1,0.4,1.0,1.6,,2025
390.0,Jazian Gortman,21.0,DAL,PG,2.0,0.0,2.5,0.5,0.5,1.0,0.5,0.5,1.0,0.0,0.0,,1.5,0.0,0.0,,0.0,0.0,0.0,0.0,0.0,0.0,0.5,0.0,1.5,,2025
391.0,Cory Joseph,33.0,ORL,PG,8.0,0.0,4.0,0.5,1.8,0.286,0.5,1.4,0.364,0.0,0.4,0.0,0.429,0.0,0.0,,0.3,0.5,0.8,0.8,0.1,0.3,0.1,0.3,1.5,,2025
392.0,Jaylen Martin,21.0,BRK,SF,2.0,0.0,1.5,0.5,0.5,1.0,0.5,0.5,1.0,0.0,0.0,,1.5,0.0,0.0,,0.0,0.0,0.0,0.0,0.0,0.0,0.0,0.5,1.5,,2025
393.0,Josh Minott,22.0,MIN,SF,6.0,0.0,7.0,0.7,1.3,0.5,0.0,0.7,0.0,0.7,0.7,1.0,0.5,0.2,0.3,0.5,0.0,0.7,0.7,0.2,0.0,0.3,0.5,1.3,1.5,,2025
394.0,Trevelin Queen,27.0,ORL,SG,2.0,0.0,2.5,0.5,1.5,0.333,0.5,0.5,1.0,0.0,1.0,0.0,0.5,0.0,0.0,,0.0,0.0,0.0,0.0,0.0,0.0,0.5,0.5,1.5,,2025
395.0,Lester Quiñones,24.0,PHI,SG,2.0,0.0,2.5,0.5,1.0,0.5,0.0,0.5,0.0,0.5,0.5,1.0,0.5,0.5,0.5,1.0,1.0,0.5,1.5,0.5,0.0,0.0,0.0,0.0,1.5,,2025
396.0,Xavier Tillman Sr.,26.0,BOS,PF,10.0,1.0,9.4,0.6,2.3,0.261,0.3,1.4,0.214,0.3,0.9,0.333,0.326,0.0,0.0,,0.6,1.4,2.0,0.6,0.3,0.0,0.3,0.6,1.5,,2025
397.0,Adem Bona,21.0,PHI,PF,8.0,0.0,4.0,0.6,0.8,0.833,0.0,0.0,,0.6,0.8,0.833,0.833,0.1,0.1,1.0,0.6,0.9,1.5,0.0,0.0,0.4,0.3,0.6,1.4,,2025
398.0,Jaylon Tyson,22.0,CLE,SG,5.0,0.0,5.0,0.4,1.2,0.333,0.4,0.8,0.5,0.0,0.4,0.0,0.5,0.2,0.4,0.5,0.0,0.8,0.8,0.4,0.0,0.0,0.8,1.4,1.4,,2025
399.0,Charles Bassey,24.0,SAS,C,6.0,0.0,2.8,0.5,0.5,1.0,0.0,0.0,,0.5,0.5,1.0,1.0,0.3,0.3,1.0,0.0,1.2,1.2,0.2,0.3,0.2,0.3,0.0,1.3,,2025
400.0,Jevon Carter,29.0,CHI,PG,4.0,0.0,5.3,0.5,1.5,0.333,0.3,1.0,0.25,0.3,0.5,0.5,0.417,0.0,0.0,,0.3,0.3,0.5,0.5,0.3,0.0,0.0,0.0,1.3,,2025
401.0,Pacome Dadiet,19.0,NYK,SG,4.0,0.0,7.0,0.5,1.5,0.333,0.3,0.8,0.333,0.3,0.8,0.333,0.417,0.0,0.0,,0.0,1.0,1.0,0.3,0.0,0.0,0.3,0.5,1.3,,2025
402.0,Alex Len,31.0,SAC,C,9.0,0.0,7.4,0.6,1.0,0.556,0.0,0.2,0.0,0.6,0.8,0.714,0.556,0.2,0.4,0.5,0.1,2.2,2.3,0.8,0.2,0.8,0.6,0.9,1.3,,2025
403.0,Jared Rhoden,25.0,CHO,SG,3.0,0.0,3.3,0.7,2.3,0.286,0.0,0.7,0.0,0.7,1.7,0.4,0.286,0.0,0.0,,0.3,0.7,1.0,0.7,0.3,0.0,0.0,0.0,1.3,,2025
404.0,Baylor Scheierman,24.0,BOS,SG,3.0,0.0,6.0,0.3,2.0,0.167,0.0,1.3,0.0,0.3,0.7,0.5,0.167,0.7,0.7,1.0,0.3,1.0,1.3,0.0,0.0,0.0,0.0,0.7,1.3,,2025
405.0,Jericho Sims,26.0,NYK,C,11.0,0.0,12.5,0.6,0.9,0.7,0.0,0.0,,0.6,0.9,0.7,0.7,0.0,0.2,0.0,1.5,2.1,3.6,0.5,0.2,0.4,0.6,1.5,1.3,,2025
406.0,Pat Spencer,28.0,GSW,PG,3.0,0.0,1.7,0.7,1.0,0.667,0.0,0.0,,0.7,1.0,0.667,0.667,0.0,0.0,,0.0,0.0,0.0,0.3,0.0,0.0,0.0,0.0,1.3,,2025
407.0,Brandon Williams,25.0,DAL,PG,3.0,0.0,4.3,0.3,1.7,0.2,0.0,0.7,0.0,0.3,1.0,0.333,0.2,0.7,1.0,0.667,0.3,0.7,1.0,0.7,0.0,0.0,0.3,0.7,1.3,,2025
408.0,Gui Santos,22.0,GSW,PF,5.0,0.0,4.0,0.4,0.6,0.667,0.2,0.4,0.5,0.2,0.2,1.0,0.833,0.2,0.4,0.5,0.2,0.8,1.0,0.4,0.0,0.0,0.4,0.6,1.2,,2025
409.0,Jordan Walsh,20.0,BOS,SF,11.0,0.0,9.2,0.5,1.6,0.278,0.3,1.3,0.214,0.2,0.4,0.5,0.361,0.0,0.1,0.0,0.2,0.7,0.9,0.2,0.4,0.3,0.2,0.6,1.2,,2025
410.0,Anthony Gill,32.0,WAS,PF,7.0,0.0,3.0,0.4,0.7,0.6,0.1,0.3,0.5,0.3,0.4,0.667,0.7,0.1,0.3,0.5,0.1,0.4,0.6,0.4,0.3,0.0,0.1,0.1,1.1,,2025
411.0,Olivier-Maxence Prosper,22.0,DAL,PF,7.0,0.0,6.3,0.6,1.9,0.308,0.0,0.3,0.0,0.6,1.6,0.364,0.308,0.0,0.0,,0.6,0.1,0.7,0.0,0.0,0.0,0.1,0.9,1.1,,2025
412.0,Duop Reath,28.0,POR,C,7.0,0.0,4.0,0.4,1.9,0.231,0.3,1.3,0.222,0.1,0.6,0.25,0.308,0.0,0.0,,0.3,0.3,0.6,0.3,0.0,0.1,0.1,0.4,1.1,,2025
413.0,Trey Alexander,21.0,DEN,SG,2.0,0.0,3.0,0.5,1.5,0.333,0.0,0.5,0.0,0.5,1.0,0.5,0.333,0.0,0.0,,0.0,0.5,0.5,0.0,0.0,0.0,0.0,0.0,1.0,,2025
414.0,Reece Beekman,23.0,GSW,PG,2.0,0.0,2.0,0.5,0.5,1.0,0.0,0.0,,0.5,0.5,1.0,1.0,0.0,0.0,,0.5,0.0,0.5,0.5,0.5,0.0,0.0,0.5,1.0,,2025
415.0,Jalen Bridges,23.0,PHO,SF,1.0,0.0,6.0,0.0,2.0,0.0,0.0,2.0,0.0,0.0,0.0,,0.0,1.0,2.0,0.5,0.0,1.0,1.0,0.0,0.0,0.0,1.0,0.0,1.0,,2025
416.0,JD Davison,22.0,BOS,PG,3.0,0.0,4.7,0.3,1.3,0.25,0.0,0.7,0.0,0.3,0.7,0.5,0.25,0.3,0.7,0.5,0.0,0.3,0.3,0.3,0.3,0.0,1.3,0.3,1.0,,2025
417.0,PJ Dozier,28.0,MIN,SG,4.0,0.0,3.8,0.3,0.5,0.5,0.3,0.5,0.5,0.0,0.0,,0.75,0.3,0.5,0.5,0.3,0.5,0.8,0.5,0.3,0.0,0.0,0.5,1.0,,2025
418.0,Mouhamed Gueye,22.0,ATL,PF,2.0,0.0,5.5,0.5,2.0,0.25,0.0,1.0,0.0,0.5,1.0,0.5,0.25,0.0,0.0,,0.0,1.0,1.0,0.0,0.0,0.0,0.5,0.0,1.0,,2025
419.0,Caleb Houstan,22.0,ORL,SF,8.0,0.0,5.3,0.4,1.5,0.25,0.3,1.1,0.222,0.1,0.4,0.333,0.333,0.0,0.0,,0.1,0.6,0.8,0.0,0.0,0.1,0.0,0.8,1.0,,2025
420.0,James Johnson,37.0,IND,PF,2.0,0.0,3.0,0.5,1.0,0.5,0.0,0.5,0.0,0.5,0.5,1.0,0.5,0.0,0.0,,0.0,0.0,0.0,0.5,0.0,0.5,0.5,0.0,1.0,,2025
421.0,Yuki Kawamura,23.0,MEM,PG,8.0,0.0,3.3,0.3,1.4,0.182,0.1,1.0,0.125,0.1,0.4,0.333,0.227,0.4,0.5,0.75,0.0,0.3,0.3,0.8,0.0,0.0,0.4,0.1,1.0,,2025
422.0,Karlo Matković,23.0,NOP,PF,2.0,0.0,2.5,0.5,0.5,1.0,0.0,0.0,,0.5,0.5,1.0,1.0,0.0,0.0,,1.5,0.5,2.0,0.0,0.0,0.5,1.0,0.5,1.0,,2025
423.0,Jack McVeigh,28.0,HOU,PF,3.0,0.0,3.3,0.3,1.7,0.2,0.3,1.0,0.333,0.0,0.7,0.0,0.3,0.0,0.0,,0.0,0.7,0.7,0.0,0.0,0.0,0.3,0.0,1.0,,2025
424.0,Matt Ryan,27.0,NYK,SF,3.0,0.0,6.7,0.3,2.0,0.167,0.3,1.3,0.25,0.0,0.7,0.0,0.25,0.0,0.0,,0.0,0.0,0.0,0.0,0.0,0.0,0.0,0.0,1.0,,2025
425.0,Dario Šarić,30.0,DEN,PF,5.0,0.0,8.8,0.4,2.4,0.167,0.0,0.6,0.0,0.4,1.8,0.222,0.167,0.2,0.4,0.5,0.8,0.8,1.6,0.2,0.2,0.0,0.4,0.6,1.0,,2025
426.0,Terrence Shannon Jr.,24.0,MIN,SG,4.0,0.0,3.8,0.5,0.8,0.667,0.0,0.3,0.0,0.5,0.5,1.0,0.667,0.0,0.0,,0.0,0.0,0.0,0.5,0.5,0.3,0.5,0.0,1.0,,2025
427.0,Dru Smith,27.0,MIA,SG,4.0,0.0,7.0,0.5,1.5,0.333,0.0,0.3,0.0,0.5,1.3,0.4,0.333,0.0,0.0,,0.5,1.3,1.8,0.5,0.0,1.0,0.5,0.8,1.0,,2025
428.0,Stanley Umude,25.0,MIL,SG,3.0,0.0,4.7,0.3,1.0,0.333,0.3,1.0,0.333,0.0,0.0,,0.5,0.0,0.7,0.0,0.0,0.7,0.7,0.3,0.0,0.3,0.0,0.0,1.0,,2025
429.0,D.J. Carton,24.0,TOR,SG,4.0,0.0,8.3,0.3,1.8,0.143,0.0,0.8,0.0,0.3,1.0,0.25,0.143,0.3,0.3,1.0,0.0,1.0,1.0,0.8,0.5,0.0,1.0,0.3,0.8,,2025
430.0,Colin Castleton,24.0,MEM,C,5.0,0.0,2.8,0.0,0.2,0.0,0.0,0.2,0.0,0.0,0.0,,0.0,0.8,0.8,1.0,0.0,1.0,1.0,0.0,0.0,0.2,0.0,0.4,0.8,,2025
431.0,Sidy Cissoko,20.0,SAS,SF,6.0,0.0,2.3,0.3,0.5,0.667,0.2,0.2,1.0,0.2,0.3,0.5,0.833,0.0,0.0,,0.2,0.5,0.7,0.7,0.0,0.0,0.2,0.5,0.8,,2025
432.0,Enrique Freeman,24.0,IND,PF,5.0,0.0,7.2,0.2,0.8,0.25,0.0,0.2,0.0,0.2,0.6,0.333,0.25,0.4,0.4,1.0,0.2,0.2,0.4,0.4,0.2,0.2,0.2,0.8,0.8,,2025
433.0,Colby Jones,22.0,SAC,SG,6.0,0.0,2.0,0.3,0.3,1.0,0.2,0.2,1.0,0.2,0.2,1.0,1.25,0.0,0.0,,0.0,0.0,0.0,0.0,0.0,0.2,0.3,0.3,0.8,,2025
434.0,Isaac Jones,24.0,SAC,PF,5.0,0.0,2.0,0.4,0.8,0.5,0.0,0.0,,0.4,0.8,0.5,0.5,0.0,0.0,,0.0,0.2,0.2,0.0,0.0,0.0,0.0,0.4,0.8,,2025
435.0,Jaden Springer,22.0,BOS,PG,4.0,0.0,4.0,0.3,1.3,0.2,0.0,0.5,0.0,0.3,0.8,0.333,0.2,0.3,0.5,0.5,0.5,0.5,1.0,0.3,0.5,0.0,0.3,0.3,0.8,,2025
436.0,Bronny James,20.0,LAL,SG,6.0,0.0,2.7,0.2,1.0,0.167,0.0,0.7,0.0,0.2,0.3,0.5,0.167,0.3,0.3,1.0,0.2,0.0,0.2,0.3,0.2,0.0,0.0,0.3,0.7,,2025
437.0,Garrett Temple,38.0,TOR,SG,3.0,0.0,3.7,0.3,1.0,0.333,0.0,0.3,0.0,0.3,0.7,0.5,0.333,0.0,0.0,,0.3,0.0,0.3,0.7,0.3,0.0,0.0,0.7,0.7,,2025
438.0,Jacob Toppin,24.0,NYK,SF,3.0,0.0,3.3,0.3,0.7,0.5,0.0,0.3,0.0,0.3,0.3,1.0,0.5,0.0,0.0,,0.0,0.3,0.3,0.3,0.0,0.0,0.0,0.0,0.7,,2025
439.0,Dominick Barlow,21.0,ATL,SF,2.0,0.0,5.5,0.0,0.5,0.0,0.0,0.0,,0.0,0.5,0.0,0.0,0.5,1.0,0.5,0.0,0.0,0.0,0.0,0.0,0.0,0.0,0.5,0.5,,2025
440.0,Yongxi Cui,21.0,BRK,SG,2.0,0.0,1.5,0.0,0.0,,0.0,0.0,,0.0,0.0,,,0.5,1.0,0.5,0.0,0.0,0.0,0.0,0.0,0.0,0.0,0.0,0.5,,2025
441.0,AJ Johnson,20.0,MIL,SG,4.0,0.0,2.0,0.3,0.8,0.333,0.0,0.0,,0.3,0.8,0.333,0.333,0.0,0.0,,0.0,0.3,0.3,0.3,0.0,0.0,0.3,0.0,0.5,,2025
442.0,Malevy Leons,25.0,OKC,SF,5.0,0.0,3.4,0.0,0.4,0.0,0.0,0.2,0.0,0.0,0.2,0.0,0.0,0.4,0.8,0.5,0.2,0.2,0.4,0.2,0.0,0.0,0.2,0.8,0.4,,2025
443.0,Vlatko Čančar,27.0,DEN,PF,1.0,0.0,2.0,0.0,0.0,,0.0,0.0,,0.0,0.0,,,0.0,0.0,,0.0,1.0,1.0,0.0,0.0,0.0,0.0,0.0,0.0,,2025
444.0,Justin Champagnie,23.0,WAS,SF,2.0,0.0,2.5,0.0,0.0,,0.0,0.0,,0.0,0.0,,,0.0,0.0,,0.5,0.5,1.0,0.5,0.0,0.0,0.0,1.5,0.0,,2025
445.0,Torrey Craig,34.0,CHI,SF,2.0,0.0,3.0,0.0,0.5,0.0,0.0,0.5,0.0,0.0,0.0,,0.0,0.0,0.0,,0.0,1.0,1.0,0.0,0.0,0.0,0.0,1.0,0.0,,2025
446.0,Alex Ducas,24.0,OKC,SG,4.0,0.0,1.8,0.0,0.8,0.0,0.0,0.5,0.0,0.0,0.3,0.0,0.0,0.0,0.0,,0.0,0.0,0.0,0.0,0.0,0.0,0.0,0.0,0.0,,2025
447.0,Kessler Edwards,24.0,DAL,SF,3.0,0.0,2.3,0.0,0.7,0.0,0.0,0.7,0.0,0.0,0.0,,0.0,0.0,0.0,,0.0,0.0,0.0,0.0,0.0,0.0,0.3,0.7,0.0,,2025
448.0,Jalen Hood-Schifino,21.0,LAL,SG,1.0,0.0,1.0,0.0,0.0,,0.0,0.0,,0.0,0.0,,,0.0,0.0,,0.0,0.0,0.0,0.0,0.0,0.0,0.0,0.0,0.0,,2025
449.0,Ariel Hukporti,22.0,NYK,C,5.0,0.0,6.4,0.0,0.4,0.0,0.0,0.0,,0.0,0.4,0.0,0.0,0.0,0.0,,0.0,1.8,1.8,0.0,0.0,0.8,0.6,1.2,0.0,,2025
450.0,Joe Ingles,37.0,MIN,SF,5.0,0.0,5.2,0.0,0.4,0.0,0.0,0.4,0.0,0.0,0.0,,0.0,0.0,0.0,,0.4,0.0,0.4,1.6,0.0,0.0,0.2,1.0,0.0,,2025
451.0,Harrison Ingram,22.0,SAS,SF,1.0,0.0,7.0,0.0,1.0,0.0,0.0,0.0,,0.0,1.0,0.0,0.0,0.0,0.0,,0.0,1.0,1.0,0.0,0.0,0.0,0.0,1.0,0.0,,2025
452.0,Daniss Jenkins,23.0,DET,PG,2.0,0.0,2.5,0.0,1.0,0.0,0.0,1.0,0.0,0.0,0.0,,0.0,0.0,0.0,,0.0,0.0,0.0,0.0,0.0,0.0,0.0,0.5,0.0,,2025
453.0,Mason Jones,26.0,SAC,SG,2.0,0.0,2.0,0.0,0.0,,0.0,0.0,,0.0,0.0,,,0.0,0.0,,0.0,0.0,0.0,2.0,0.0,0.0,0.0,0.5,0.0,,2025
454.0,Spencer Jones,23.0,DEN,SF,1.0,0.0,2.0,0.0,0.0,,0.0,0.0,,0.0,0.0,,,0.0,0.0,,0.0,1.0,1.0,0.0,1.0,0.0,0.0,0.0,0.0,,2025
455.0,Maxwell Lewis,22.0,LAL,SF,2.0,0.0,1.5,0.0,0.0,,0.0,0.0,,0.0,0.0,,,0.0,0.0,,0.0,0.0,0.0,0.0,0.0,0.0,0.0,0.5,0.0,,2025
456.0,Chris Livingston,21.0,MIL,SF,1.0,0.0,2.0,0.0,1.0,0.0,0.0,0.0,,0.0,1.0,0.0,0.0,0.0,0.0,,0.0,0.0,0.0,0.0,0.0,0.0,0.0,0.0,0.0,,2025
457.0,Mac McClung,26.0,ORL,SG,1.0,0.0,5.0,0.0,0.0,,0.0,0.0,,0.0,0.0,,,0.0,0.0,,0.0,1.0,1.0,2.0,0.0,0.0,0.0,0.0,0.0,,2025
458.0,Dariq Whitehead,20.0,BRK,SF,1.0,0.0,2.0,0.0,0.0,,0.0,0.0,,0.0,0.0,,,0.0,0.0,,0.0,1.0,1.0,0.0,0.0,0.0,2.0,0.0,0.0,,2025
459.0,Riley Minix,24.0,SAS,SF,1.0,0.0,7.0,0.0,1.0,0.0,0.0,1.0,0.0,0.0,0.0,,0.0,0.0,0.0,,0.0,2.0,2.0,0.0,0.0,0.0,0.0,0.0,0.0,,2025
460.0,Markieff Morris,35.0,DAL,PF,1.0,0.0,5.0,0.0,1.0,0.0,0.0,0.0,,0.0,1.0,0.0,0.0,0.0,0.0,,0.0,2.0,2.0,2.0,0.0,0.0,0.0,0.0,0.0,,2025
461.0,Drew Peterson,25.0,BOS,PF,3.0,0.0,2.3,0.0,0.3,0.0,0.0,0.3,0.0,0.0,0.0,,0.0,0.0,0.0,,0.0,0.3,0.3,0.3,0.3,0.7,0.3,0.0,0.0,,2025
462.0,Jalen Pickett,25.0,DEN,SG,2.0,0.0,2.0,0.0,0.5,0.0,0.0,0.5,0.0,0.0,0.0,,0.0,0.0,0.0,,0.0,0.0,0.0,0.0,0.0,0.0,0.0,0.0,0.0,,2025
,League Average,,,,,,,,,0.463,,,0.357,,,0.54,0.539,,,0.778,,,,,,,,,,,2025
